预算,曝光,访问,订单,客单价
11.49234353783542,2268.95938462073,223.93085940841235,122.0,66.44620582032375
99.21141723049111,7661.475377919356,1113.6813268774813,503.0,75.17593978824917
26.27407796829502,3416.286602550151,241.625457420967,152.0,82.46021860757494
82.57161992348206,5141.1198414167575,960.9624334807279,396.0,75.38611604976767
66.93893209026952,3947.8270634466026,792.7045433325603,352.0,85.88248821696789
60.38041473220061,4350.188454213188,1041.259555936872,320.0,69.71804650728849
38.12133145680272,3605.0153638292504,235.72102068027763,198.0,72.75575018681513
65.50825067803228,6690.924728226328,958.7536751561347,303.0,101.61024524975718
11.22736254980962,644.9734115384139,282.2283692507001,153.0,73.73068824746628
80.63533911676521,7347.958596792086,637.0600349764945,356.0,91.18147936131312
61.67847287662242,4181.932515699354,790.2670078327783,350.0,84.04146993991176
45.212729509836464,3066.369826878711,772.3902675177696,223.0,79.89445288175177
54.11986917547157,5200.717899977291,615.1170510217132,279.0,83.23364209407856
30.73420726231797,1403.7059639286224,490.1036622409878,185.0,75.7442230767602
45.4972586253785,4865.270249761964,709.4252859172365,281.0,84.12329672694307
72.57685495852523,5731.347916797932,1198.7939641187627,281.0,84.84997699899046
13.974756775803598,882.6137806590372,316.2311910932219,95.0,89.14527972345896
61.52871515854535,5101.279091327299,523.630995480854,231.0,78.09726509321177
58.49110194127565,2771.3408282893906,763.5729125499226,224.0,63.641338285153054
10.676058612768221,282.4053508611207,-196.69875040180358,72.0,94.22928916979465
18.663087184866896,1523.692618122904,232.40289019481241,96.0,93.72366666821819
70.04046096924515,5848.079577232334,678.9818224936969,407.0,48.780970211226645
30.794119786922504,3716.228568535278,205.4302628392636,198.0,79.28494522520829
38.094843556219324,3068.988107738234,381.71853308815423,176.0,71.97574414356707
63.737271090816876,5172.205958852798,654.8106122678706,264.0,82.23513868144356
10.066677611205899,3249.313949024558,-57.51517357046285,45.0,82.54172775403957
38.998311797981266,3010.900232227538,344.4692383347067,104.0,70.52764846507216
45.56145277398309,2944.0249459099996,656.4991338373378,230.0,69.67845370719144
50.35080800165079,3675.340419471574,652.2357051449217,253.0,86.90213585957798
13.368127329240064,510.47190086148896,338.8377584702945,108.0,72.25302883653
56.464800345963404,3442.2647533462005,635.650226022691,204.0,77.72925974165229
91.01073029344789,7303.269558601013,1258.569021512216,397.0,80.45540293282522
20.12683545669139,1272.8778157393863,256.7412405054533,89.0,87.35904973064375
59.227203116157355,4034.2373641147447,587.3723026129649,224.0,67.08033479222267
88.5658973410791,5976.954647771994,1139.643126708675,397.0,78.23463963259071
11.713742427691725,1583.8714284005132,283.8294393394286,146.0,55.62256770711082
62.097329770689186,4822.861580003622,811.0752470923072,313.0,95.41521514823663
59.33043745147585,4387.872761783664,665.5645559776144,237.0,63.15152916252075
50.13138062743933,3216.3441698658594,654.1959541284886,269.0,60.18275421557668
20.309517018171505,1486.955366980305,292.0705668403851,176.0,95.10706761079615
38.5669343897544,1750.217572132497,493.4663244586184,239.0,69.02417240680458
82.19091518803498,5023.9122266755085,879.6703472751813,375.0,75.57084409840047
32.742410846978146,2198.4309129370045,299.09402743043654,138.0,88.7121827493682
65.37191149518898,6099.707023329619,1080.6597198100922,199.0,91.55511333428878
63.84266407439205,4825.833595137013,552.7993056648545,272.0,80.76315983156353
82.29762049529299,5317.6645640621755,1046.7151563129232,389.0,91.83917405365052
50.16517705357291,4353.080712261242,546.648466570244,118.0,98.51427332056643
38.620480972977305,1749.7878411826634,183.83325099455112,240.0,79.35751861794651
19.281070864525837,631.6909493824633,357.379755022885,196.0,87.4905521969059
11.650672276162227,1289.612229229297,54.99506960503132,114.0,78.12997152490406
76.06251578594474,5832.751636849075,983.2824841318431,289.0,95.96930466442568
26.62609299663402,2967.879739693653,269.759342429313,2.0,93.31091406855
23.113521912225732,2510.195401681569,419.8485003189665,47.0,73.83552447879347
98.92875490500809,7207.490298595167,1138.3519789822558,440.0,92.1663113483403
25.797686317846356,3068.85991302975,251.74811717973762,171.0,83.06457708510958
96.40391607253926,8042.960858132852,1255.6338200788373,416.0,85.5753146594667
22.218375108055962,2839.432129862562,-77.42666993319773,97.0,78.57488622830027
48.55234072813899,4103.805272376895,743.7230560747071,234.0,96.26849175678659
12.843676127155003,1527.185020413457,-181.74786734496365,73.0,78.44238381720129
91.67094791786273,6926.973895399274,1157.825889118617,390.0,70.71125529464288
83.16737783820922,7496.714696938172,1167.0141391786535,368.0,87.52509972961089
57.41926180023657,6137.9264971871735,693.4190144153557,400.0,106.04917168304618
10.426460286393793,630.9132789155533,-145.94942452913315,158.0,76.16192314481026
92.7861188305879,6998.255451135778,1050.5899771694344,429.0,69.86240792708098
75.02427157638454,6288.125288238742,748.2554774874839,314.0,80.78109089944645
59.48420852265324,5262.737042827979,736.6464120401579,248.0,61.654087331441296
57.895896317816316,4217.065457552895,861.840342194854,242.0,102.44318244435144
14.868428733492156,34.31148534329304,290.2779160538869,28.0,94.36081169708311
55.425144513301674,4109.388928350642,573.5809224491707,256.0,90.98634689779277
46.4383415631241,3916.305222594399,251.7726213796479,164.0,65.08443260229011
74.1132623216457,6568.292741779411,936.8594743217042,285.0,61.82462934870404
61.09263895581347,3448.919944940256,685.0646738203429,240.0,84.91962061125092
90.30106367345759,7714.673236620622,1018.6757745017784,405.0,70.10521490860961
23.621759586995616,2802.1191768302792,54.624484191989865,55.0,61.51293937484262
10.410761262290153,-947.9159551910342,88.23354845238435,123.0,101.38661603681894
10.677206188869576,1569.3985122487848,127.52503593136716,28.0,81.47907811122893
80.20397866238943,6952.298681337599,1018.9760675373238,350.0,92.64847639413202
51.31122029716657,4883.4355726305075,750.6904680174216,219.0,83.16242958369547
96.92768571114945,8444.940083133888,1078.3911628416913,375.0,85.03533570971588
51.649153317752656,5734.6648727914435,695.3396091574766,245.0,83.58608829132021
69.11338126328332,4872.408169335519,678.7419910825174,294.0,85.54079206567407
12.862289890110631,1092.7430270142347,297.23619929421466,115.0,72.887368915582
19.19875565623874,2220.5237444380705,414.69453346631576,76.0,66.84624802389449
33.34405211700032,2934.1685604924155,558.5570669659123,160.0,56.25190010681152
34.405590053517436,2794.686260973178,442.8483694425496,172.0,102.9017879190014
67.12728200209881,4194.0144203135105,1017.4319061518365,266.0,67.34546874999097
41.5680893808442,3875.9130004711496,300.87692819486585,157.0,85.6700582687613
49.22018281144963,3610.583481749492,235.17746429428325,238.0,75.73544442861012
62.22459429743724,5806.724377130208,864.4257601285661,282.0,72.82298971276273
39.14919361909906,2930.344906402245,337.9295317367928,173.0,69.69325320103877
21.787880448315416,1917.2052548791814,310.5462231749566,91.0,72.02338361884381
42.07250972452862,2816.3834631343493,544.1123592660497,228.0,73.14362748060492
13.648599976791367,722.2614855981058,104.61198582644965,51.0,62.28518004150551
90.86421582464584,5484.247668346681,1265.1967401085724,403.0,80.00778766572805
79.96285024785398,6474.384055246844,1223.7535573934392,330.0,78.55674871726255
97.32003847071311,8451.274869956946,1027.9582276822098,350.0,85.9500146373289
26.30711782094984,1087.5027865411803,88.91858120483693,123.0,78.42815355378357
41.9603415074762,3381.7287179529617,436.41258209605553,217.0,91.89855551852934
98.04741419478543,8219.477080465706,1443.4970985771765,442.0,104.73484560068512
15.66418119497427,1261.6901491251467,76.60827063974513,106.0,91.95151182532427
91.83599605904996,6108.765703406679,832.9260570385193,405.0,69.9632462938811
85.55317090937126,6769.323377459102,1136.0431720468448,419.0,80.74125767671578
62.638690786769544,5408.386494113137,1010.7275983123733,303.0,74.9459217189382
98.76264338917798,7673.079834737369,832.624394694561,421.0,73.04851907295448
16.65512324323505,725.5504762372843,110.45820271251762,50.0,78.3029422867164
37.05142405867285,1807.2987618871277,791.3394367045562,128.0,83.17998965965062
76.34248369077257,5692.977027235951,792.7700080587559,322.0,78.68684101330263
66.50826577100781,5372.817492474266,1158.076301846946,264.0,65.66030744467554
32.19191223574471,2563.013690834828,399.3420488733543,146.0,59.44871295498674
27.567217029588047,1963.7195633715696,632.8339378003841,131.0,96.3002193306578
79.11865720891511,6434.867667593098,891.2610396632565,382.0,98.07872453306291
85.1992819995612,8831.188810073958,1244.3774819177952,406.0,67.96007200129614
11.598111470748659,-21.870494820445856,4.330760127166144,24.0,54.06728914650709
71.50084915012971,5904.3839563421625,796.2699759922784,274.0,80.36729990146941
73.56997021084588,5604.274736459994,1140.94405949429,257.0,85.42176599301675
65.71114664417073,4621.220170911161,770.3132527386396,279.0,62.36195204318696
11.71826723919244,1237.8888733454721,-59.29711441978242,73.0,77.71422911278442
72.93315175889403,5997.165005395912,874.5882819296772,314.0,77.15751362108347
80.66488409198193,7904.972392224667,946.433286985067,422.0,74.32929526035521
41.13070553625097,3456.6095182437193,275.55597362500214,228.0,98.82455763249268
39.09396311083245,2278.1188915030116,227.56104512984217,182.0,98.19736298954271
58.59175040431537,3932.49524723329,996.2347250125259,293.0,78.55295488845134
43.872704283631805,3619.2249734938996,631.4246548486509,226.0,100.14752076699676
51.878844086367344,3783.066828076255,521.2827591189142,219.0,76.95331389656478
98.56141693272082,7885.291029362554,1176.7206457977688,357.0,63.52163613861824
45.53981876089341,3394.711468697259,716.6602009921949,204.0,68.44900740591511
29.724806505827342,2888.153856323654,467.44065190623616,231.0,90.66187717259908
83.17330996840168,5596.0900979445,903.2986243393484,403.0,84.52425907531097
98.89996351052962,7547.489705080323,1395.7414815307798,429.0,59.8825230814448
81.90593459028173,6851.349396575263,1468.6670490232996,373.0,87.12858876313311
87.45134373550869,6538.3020161056365,1246.935411866685,301.0,83.92522414055723
42.71901731934228,2330.424869650818,551.0910682846178,214.0,65.73836404018934
32.79186928716966,3248.0000204597445,135.82447248853816,93.0,77.44251184750524
62.05608225078825,4971.838190251267,629.3860360179033,196.0,63.97829485624459
16.698923540692867,1657.5056757707168,103.15505705736597,110.0,92.62254715621845
72.4294097448319,6249.61384214446,924.8218569198651,378.0,71.38610270603914
77.52490099323347,6248.702797876565,1104.4117826009046,399.0,60.09196303595843
25.808920314322613,2009.782532808289,1.5917824766206081,175.0,76.73969681281194
41.43159797585753,3753.5877723131753,334.03809775293496,244.0,77.95635933063384
91.11821444066476,6269.242315230293,1310.5727558059796,322.0,72.76016787200395
