user_id,pay_date,amount_cent
A000,2026-08-01,1000
A001,2026-08-01,1000
A002,2026-08-01,1000
A003,2026-08-01,1000
A004,2026-08-01,1000
A005,2026-08-01,1000
A006,2026-08-01,1000
A007,2026-08-01,1000
A008,2026-08-01,1000
A009,2026-08-01,1000
A010,2026-08-01,1000
A011,2026-08-01,1000
A012,2026-08-01,1000
A013,2026-08-01,1000
A014,2026-08-01,1000
A015,2026-08-01,1000
A016,2026-08-01,1000
A017,2026-08-01,1000
A018,2026-08-01,1000
A019,2026-08-01,1000
A000,2026-08-02,500
A001,2026-08-02,500
A002,2026-08-02,500
A003,2026-08-02,500
A004,2026-08-02,500
A005,2026-08-02,500
A006,2026-08-02,500
A007,2026-08-02,500
A008,2026-08-02,500
A009,2026-08-02,500
A010,2026-08-02,500
A011,2026-08-02,500
A012,2026-08-02,500
A013,2026-08-02,500
A014,2026-08-02,500
A015,2026-08-02,500
A016,2026-08-02,500
A017,2026-08-02,500
A018,2026-08-02,500
A019,2026-08-02,500
A000,2026-08-03,500
A001,2026-08-03,500
A002,2026-08-03,500
A003,2026-08-03,500
A004,2026-08-03,500
A005,2026-08-03,500
A006,2026-08-03,500
A007,2026-08-03,500
A008,2026-08-03,500
A009,2026-08-03,500
A010,2026-08-03,500
A011,2026-08-03,500
A012,2026-08-03,500
A013,2026-08-03,500
A014,2026-08-03,500
A015,2026-08-03,500
A016,2026-08-03,500
A017,2026-08-03,500
A018,2026-08-03,500
A019,2026-08-03,500
A000,2026-08-04,400
A001,2026-08-04,400
A002,2026-08-04,400
A003,2026-08-04,400
A004,2026-08-04,400
A005,2026-08-04,400
A006,2026-08-04,400
A007,2026-08-04,400
A008,2026-08-04,400
A009,2026-08-04,400
A010,2026-08-04,400
A011,2026-08-04,400
A012,2026-08-04,400
A013,2026-08-04,400
A014,2026-08-04,400
A015,2026-08-04,400
A016,2026-08-04,400
A017,2026-08-04,400
A018,2026-08-04,400
A019,2026-08-04,400
A000,2026-08-05,350
A001,2026-08-05,350
A002,2026-08-05,350
A003,2026-08-05,350
A004,2026-08-05,350
A005,2026-08-05,350
A006,2026-08-05,350
A007,2026-08-05,350
A008,2026-08-05,350
A009,2026-08-05,350
A010,2026-08-05,350
A011,2026-08-05,350
A012,2026-08-05,350
A013,2026-08-05,350
A014,2026-08-05,350
A015,2026-08-05,350
A016,2026-08-05,350
A017,2026-08-05,350
A018,2026-08-05,350
A019,2026-08-05,350
A000,2026-08-06,300
A001,2026-08-06,300
A002,2026-08-06,300
A003,2026-08-06,300
A004,2026-08-06,300
A005,2026-08-06,300
A006,2026-08-06,300
A007,2026-08-06,300
A008,2026-08-06,300
A009,2026-08-06,300
A010,2026-08-06,300
A011,2026-08-06,300
A012,2026-08-06,300
A013,2026-08-06,300
A014,2026-08-06,300
A015,2026-08-06,300
A016,2026-08-06,300
A017,2026-08-06,300
A018,2026-08-06,300
A019,2026-08-06,300
A000,2026-08-07,450
A001,2026-08-07,450
A002,2026-08-07,450
A003,2026-08-07,450
A004,2026-08-07,450
A005,2026-08-07,450
A006,2026-08-07,450
A007,2026-08-07,450
A008,2026-08-07,450
A009,2026-08-07,450
A010,2026-08-07,450
A011,2026-08-07,450
A012,2026-08-07,450
A013,2026-08-07,450
A014,2026-08-07,450
A015,2026-08-07,450
A016,2026-08-07,450
A017,2026-08-07,450
A018,2026-08-07,450
A019,2026-08-07,450
A000,2026-08-08,750
A001,2026-08-08,750
A002,2026-08-08,750
A003,2026-08-08,750
A004,2026-08-08,750
A005,2026-08-08,750
A006,2026-08-08,750
A007,2026-08-08,750
A008,2026-08-08,750
A009,2026-08-08,750
A010,2026-08-08,750
A011,2026-08-08,750
A012,2026-08-08,750
A013,2026-08-08,750
A014,2026-08-08,750
A015,2026-08-08,750
A016,2026-08-08,750
A017,2026-08-08,750
A018,2026-08-08,750
A019,2026-08-08,750
A000,2026-08-09,200
A001,2026-08-09,200
A002,2026-08-09,200
A003,2026-08-09,200
A004,2026-08-09,200
A005,2026-08-09,200
A006,2026-08-09,200
A007,2026-08-09,200
A008,2026-08-09,200
A009,2026-08-09,200
A010,2026-08-09,200
A011,2026-08-09,200
A012,2026-08-09,200
A013,2026-08-09,200
A014,2026-08-09,200
A015,2026-08-09,200
A016,2026-08-09,200
A017,2026-08-09,200
A018,2026-08-09,200
A019,2026-08-09,200
A000,2026-08-10,175
A001,2026-08-10,175
A002,2026-08-10,175
A003,2026-08-10,175
A004,2026-08-10,175
A005,2026-08-10,175
A006,2026-08-10,175
A007,2026-08-10,175
A008,2026-08-10,175
A009,2026-08-10,175
A010,2026-08-10,175
A011,2026-08-10,175
A012,2026-08-10,175
A013,2026-08-10,175
A014,2026-08-10,175
A015,2026-08-10,175
A016,2026-08-10,175
A017,2026-08-10,175
A018,2026-08-10,175
A019,2026-08-10,175
A000,2026-08-11,150
A001,2026-08-11,150
A002,2026-08-11,150
A003,2026-08-11,150
A004,2026-08-11,150
A005,2026-08-11,150
A006,2026-08-11,150
A007,2026-08-11,150
A008,2026-08-11,150
A009,2026-08-11,150
A010,2026-08-11,150
A011,2026-08-11,150
A012,2026-08-11,150
A013,2026-08-11,150
A014,2026-08-11,150
A015,2026-08-11,150
A016,2026-08-11,150
A017,2026-08-11,150
A018,2026-08-11,150
A019,2026-08-11,150
A000,2026-08-12,125
A001,2026-08-12,125
A002,2026-08-12,125
A003,2026-08-12,125
A004,2026-08-12,125
A005,2026-08-12,125
A006,2026-08-12,125
A007,2026-08-12,125
A008,2026-08-12,125
A009,2026-08-12,125
A010,2026-08-12,125
A011,2026-08-12,125
A012,2026-08-12,125
A013,2026-08-12,125
A014,2026-08-12,125
A015,2026-08-12,125
A016,2026-08-12,125
A017,2026-08-12,125
A018,2026-08-12,125
A019,2026-08-12,125
A000,2026-08-13,100
A001,2026-08-13,100
A002,2026-08-13,100
A003,2026-08-13,100
A004,2026-08-13,100
A005,2026-08-13,100
A006,2026-08-13,100
A007,2026-08-13,100
A008,2026-08-13,100
A009,2026-08-13,100
A010,2026-08-13,100
A011,2026-08-13,100
A012,2026-08-13,100
A013,2026-08-13,100
A014,2026-08-13,100
A015,2026-08-13,100
A016,2026-08-13,100
A017,2026-08-13,100
A018,2026-08-13,100
A019,2026-08-13,100
A000,2026-08-14,100
A001,2026-08-14,100
A002,2026-08-14,100
A003,2026-08-14,100
A004,2026-08-14,100
A005,2026-08-14,100
A006,2026-08-14,100
A007,2026-08-14,100
A008,2026-08-14,100
A009,2026-08-14,100
A010,2026-08-14,100
A011,2026-08-14,100
A012,2026-08-14,100
A013,2026-08-14,100
A014,2026-08-14,100
A015,2026-08-14,100
A016,2026-08-14,100
A017,2026-08-14,100
A018,2026-08-14,100
A019,2026-08-14,100
B000,2026-08-07,1500
B001,2026-08-07,1500
B002,2026-08-07,1500
B003,2026-08-07,1500
B004,2026-08-07,1500
B005,2026-08-07,1500
B006,2026-08-07,1500
B007,2026-08-07,1500
B008,2026-08-07,1500
B009,2026-08-07,1500
B010,2026-08-07,1500
B011,2026-08-07,1500
B012,2026-08-07,1500
B013,2026-08-07,1500
B014,2026-08-07,1500
B015,2026-08-07,1500
B016,2026-08-07,1500
B017,2026-08-07,1500
B018,2026-08-07,1500
B019,2026-08-07,1500
B000,2026-08-08,750
B001,2026-08-08,750
B002,2026-08-08,750
B003,2026-08-08,750
B004,2026-08-08,750
B005,2026-08-08,750
B006,2026-08-08,750
B007,2026-08-08,750
B008,2026-08-08,750
B009,2026-08-08,750
B010,2026-08-08,750
B011,2026-08-08,750
B012,2026-08-08,750
B013,2026-08-08,750
B014,2026-08-08,750
B015,2026-08-08,750
B016,2026-08-08,750
B017,2026-08-08,750
B018,2026-08-08,750
B019,2026-08-08,750
B000,2026-08-09,600
B001,2026-08-09,600
B002,2026-08-09,600
B003,2026-08-09,600
B004,2026-08-09,600
B005,2026-08-09,600
B006,2026-08-09,600
B007,2026-08-09,600
B008,2026-08-09,600
B009,2026-08-09,600
B010,2026-08-09,600
B011,2026-08-09,600
B012,2026-08-09,600
B013,2026-08-09,600
B014,2026-08-09,600
B015,2026-08-09,600
B016,2026-08-09,600
B017,2026-08-09,600
B018,2026-08-09,600
B019,2026-08-09,600
B000,2026-08-10,500
B001,2026-08-10,500
B002,2026-08-10,500
B003,2026-08-10,500
B004,2026-08-10,500
B005,2026-08-10,500
B006,2026-08-10,500
B007,2026-08-10,500
B008,2026-08-10,500
B009,2026-08-10,500
B010,2026-08-10,500
B011,2026-08-10,500
B012,2026-08-10,500
B013,2026-08-10,500
B014,2026-08-10,500
B015,2026-08-10,500
B016,2026-08-10,500
B017,2026-08-10,500
B018,2026-08-10,500
B019,2026-08-10,500
B000,2026-08-11,450
B001,2026-08-11,450
B002,2026-08-11,450
B003,2026-08-11,450
B004,2026-08-11,450
B005,2026-08-11,450
B006,2026-08-11,450
B007,2026-08-11,450
B008,2026-08-11,450
B009,2026-08-11,450
B010,2026-08-11,450
B011,2026-08-11,450
B012,2026-08-11,450
B013,2026-08-11,450
B014,2026-08-11,450
B015,2026-08-11,450
B016,2026-08-11,450
B017,2026-08-11,450
B018,2026-08-11,450
B019,2026-08-11,450
B000,2026-08-12,400
B001,2026-08-12,400
B002,2026-08-12,400
B003,2026-08-12,400
B004,2026-08-12,400
B005,2026-08-12,400
B006,2026-08-12,400
B007,2026-08-12,400
B008,2026-08-12,400
B009,2026-08-12,400
B010,2026-08-12,400
B011,2026-08-12,400
B012,2026-08-12,400
B013,2026-08-12,400
B014,2026-08-12,400
B015,2026-08-12,400
B016,2026-08-12,400
B017,2026-08-12,400
B018,2026-08-12,400
B019,2026-08-12,400
B000,2026-08-13,350
B001,2026-08-13,350
B002,2026-08-13,350
B003,2026-08-13,350
B004,2026-08-13,350
B005,2026-08-13,350
B006,2026-08-13,350
B007,2026-08-13,350
B008,2026-08-13,350
B009,2026-08-13,350
B010,2026-08-13,350
B011,2026-08-13,350
B012,2026-08-13,350
B013,2026-08-13,350
B014,2026-08-13,350
B015,2026-08-13,350
B016,2026-08-13,350
B017,2026-08-13,350
B018,2026-08-13,350
B019,2026-08-13,350
B000,2026-08-14,325
B001,2026-08-14,325
B002,2026-08-14,325
B003,2026-08-14,325
B004,2026-08-14,325
B005,2026-08-14,325
B006,2026-08-14,325
B007,2026-08-14,325
B008,2026-08-14,325
B009,2026-08-14,325
B010,2026-08-14,325
B011,2026-08-14,325
B012,2026-08-14,325
B013,2026-08-14,325
B014,2026-08-14,325
B015,2026-08-14,325
B016,2026-08-14,325
B017,2026-08-14,325
B018,2026-08-14,325
B019,2026-08-14,325
