user_id,signup_date
2026-08-01-000,2026-08-01
2026-08-01-001,2026-08-01
2026-08-01-002,2026-08-01
2026-08-01-003,2026-08-01
2026-08-01-004,2026-08-01
2026-08-01-005,2026-08-01
2026-08-01-006,2026-08-01
2026-08-01-007,2026-08-01
2026-08-01-008,2026-08-01
2026-08-01-009,2026-08-01
2026-08-01-010,2026-08-01
2026-08-01-011,2026-08-01
2026-08-01-012,2026-08-01
2026-08-01-013,2026-08-01
2026-08-01-014,2026-08-01
2026-08-01-015,2026-08-01
2026-08-01-016,2026-08-01
2026-08-01-017,2026-08-01
2026-08-01-018,2026-08-01
2026-08-01-019,2026-08-01
2026-08-01-020,2026-08-01
2026-08-01-021,2026-08-01
2026-08-01-022,2026-08-01
2026-08-01-023,2026-08-01
2026-08-01-024,2026-08-01
2026-08-01-025,2026-08-01
2026-08-01-026,2026-08-01
2026-08-01-027,2026-08-01
2026-08-01-028,2026-08-01
2026-08-01-029,2026-08-01
2026-08-01-030,2026-08-01
2026-08-01-031,2026-08-01
2026-08-01-032,2026-08-01
2026-08-01-033,2026-08-01
2026-08-01-034,2026-08-01
2026-08-01-035,2026-08-01
2026-08-01-036,2026-08-01
2026-08-01-037,2026-08-01
2026-08-01-038,2026-08-01
2026-08-01-039,2026-08-01
2026-08-01-040,2026-08-01
2026-08-01-041,2026-08-01
2026-08-01-042,2026-08-01
2026-08-01-043,2026-08-01
2026-08-01-044,2026-08-01
2026-08-01-045,2026-08-01
2026-08-01-046,2026-08-01
2026-08-01-047,2026-08-01
2026-08-01-048,2026-08-01
2026-08-01-049,2026-08-01
2026-08-01-050,2026-08-01
2026-08-01-051,2026-08-01
2026-08-01-052,2026-08-01
2026-08-01-053,2026-08-01
2026-08-01-054,2026-08-01
2026-08-01-055,2026-08-01
2026-08-01-056,2026-08-01
2026-08-01-057,2026-08-01
2026-08-01-058,2026-08-01
2026-08-01-059,2026-08-01
2026-08-01-060,2026-08-01
2026-08-01-061,2026-08-01
2026-08-01-062,2026-08-01
2026-08-01-063,2026-08-01
2026-08-01-064,2026-08-01
2026-08-01-065,2026-08-01
2026-08-01-066,2026-08-01
2026-08-01-067,2026-08-01
2026-08-01-068,2026-08-01
2026-08-01-069,2026-08-01
2026-08-01-070,2026-08-01
2026-08-01-071,2026-08-01
2026-08-01-072,2026-08-01
2026-08-01-073,2026-08-01
2026-08-01-074,2026-08-01
2026-08-01-075,2026-08-01
2026-08-01-076,2026-08-01
2026-08-01-077,2026-08-01
2026-08-01-078,2026-08-01
2026-08-01-079,2026-08-01
2026-08-01-080,2026-08-01
2026-08-01-081,2026-08-01
2026-08-01-082,2026-08-01
2026-08-01-083,2026-08-01
2026-08-01-084,2026-08-01
2026-08-01-085,2026-08-01
2026-08-01-086,2026-08-01
2026-08-01-087,2026-08-01
2026-08-01-088,2026-08-01
2026-08-01-089,2026-08-01
2026-08-01-090,2026-08-01
2026-08-01-091,2026-08-01
2026-08-01-092,2026-08-01
2026-08-01-093,2026-08-01
2026-08-01-094,2026-08-01
2026-08-01-095,2026-08-01
2026-08-01-096,2026-08-01
2026-08-01-097,2026-08-01
2026-08-01-098,2026-08-01
2026-08-01-099,2026-08-01
2026-08-02-000,2026-08-02
2026-08-02-001,2026-08-02
2026-08-02-002,2026-08-02
2026-08-02-003,2026-08-02
2026-08-02-004,2026-08-02
2026-08-02-005,2026-08-02
2026-08-02-006,2026-08-02
2026-08-02-007,2026-08-02
2026-08-02-008,2026-08-02
2026-08-02-009,2026-08-02
2026-08-02-010,2026-08-02
2026-08-02-011,2026-08-02
2026-08-02-012,2026-08-02
2026-08-02-013,2026-08-02
2026-08-02-014,2026-08-02
2026-08-02-015,2026-08-02
2026-08-02-016,2026-08-02
2026-08-02-017,2026-08-02
2026-08-02-018,2026-08-02
2026-08-02-019,2026-08-02
2026-08-02-020,2026-08-02
2026-08-02-021,2026-08-02
2026-08-02-022,2026-08-02
2026-08-02-023,2026-08-02
2026-08-02-024,2026-08-02
2026-08-02-025,2026-08-02
2026-08-02-026,2026-08-02
2026-08-02-027,2026-08-02
2026-08-02-028,2026-08-02
2026-08-02-029,2026-08-02
2026-08-02-030,2026-08-02
2026-08-02-031,2026-08-02
2026-08-02-032,2026-08-02
2026-08-02-033,2026-08-02
2026-08-02-034,2026-08-02
2026-08-02-035,2026-08-02
2026-08-02-036,2026-08-02
2026-08-02-037,2026-08-02
2026-08-02-038,2026-08-02
2026-08-02-039,2026-08-02
2026-08-02-040,2026-08-02
2026-08-02-041,2026-08-02
2026-08-02-042,2026-08-02
2026-08-02-043,2026-08-02
2026-08-02-044,2026-08-02
2026-08-02-045,2026-08-02
2026-08-02-046,2026-08-02
2026-08-02-047,2026-08-02
2026-08-02-048,2026-08-02
2026-08-02-049,2026-08-02
2026-08-02-050,2026-08-02
2026-08-02-051,2026-08-02
2026-08-02-052,2026-08-02
2026-08-02-053,2026-08-02
2026-08-02-054,2026-08-02
2026-08-02-055,2026-08-02
2026-08-02-056,2026-08-02
2026-08-02-057,2026-08-02
2026-08-02-058,2026-08-02
2026-08-02-059,2026-08-02
2026-08-02-060,2026-08-02
2026-08-02-061,2026-08-02
2026-08-02-062,2026-08-02
2026-08-02-063,2026-08-02
2026-08-02-064,2026-08-02
2026-08-02-065,2026-08-02
2026-08-02-066,2026-08-02
2026-08-02-067,2026-08-02
2026-08-02-068,2026-08-02
2026-08-02-069,2026-08-02
2026-08-02-070,2026-08-02
2026-08-02-071,2026-08-02
2026-08-02-072,2026-08-02
2026-08-02-073,2026-08-02
2026-08-02-074,2026-08-02
2026-08-02-075,2026-08-02
2026-08-02-076,2026-08-02
2026-08-02-077,2026-08-02
2026-08-02-078,2026-08-02
2026-08-02-079,2026-08-02
2026-08-02-080,2026-08-02
2026-08-02-081,2026-08-02
2026-08-02-082,2026-08-02
2026-08-02-083,2026-08-02
2026-08-02-084,2026-08-02
2026-08-02-085,2026-08-02
2026-08-02-086,2026-08-02
2026-08-02-087,2026-08-02
2026-08-02-088,2026-08-02
2026-08-02-089,2026-08-02
2026-08-02-090,2026-08-02
2026-08-02-091,2026-08-02
2026-08-02-092,2026-08-02
2026-08-02-093,2026-08-02
2026-08-02-094,2026-08-02
2026-08-02-095,2026-08-02
2026-08-02-096,2026-08-02
2026-08-02-097,2026-08-02
2026-08-02-098,2026-08-02
2026-08-02-099,2026-08-02
2026-08-02-100,2026-08-02
2026-08-02-101,2026-08-02
2026-08-02-102,2026-08-02
2026-08-02-103,2026-08-02
2026-08-02-104,2026-08-02
2026-08-02-105,2026-08-02
2026-08-02-106,2026-08-02
2026-08-02-107,2026-08-02
2026-08-02-108,2026-08-02
2026-08-02-109,2026-08-02
2026-08-02-110,2026-08-02
2026-08-02-111,2026-08-02
2026-08-02-112,2026-08-02
2026-08-02-113,2026-08-02
2026-08-02-114,2026-08-02
2026-08-02-115,2026-08-02
2026-08-02-116,2026-08-02
2026-08-02-117,2026-08-02
2026-08-02-118,2026-08-02
2026-08-02-119,2026-08-02
2026-08-02-120,2026-08-02
2026-08-02-121,2026-08-02
2026-08-02-122,2026-08-02
2026-08-02-123,2026-08-02
2026-08-02-124,2026-08-02
2026-08-02-125,2026-08-02
2026-08-02-126,2026-08-02
2026-08-02-127,2026-08-02
2026-08-02-128,2026-08-02
2026-08-02-129,2026-08-02
2026-08-02-130,2026-08-02
2026-08-02-131,2026-08-02
2026-08-02-132,2026-08-02
2026-08-02-133,2026-08-02
2026-08-02-134,2026-08-02
2026-08-02-135,2026-08-02
2026-08-02-136,2026-08-02
2026-08-02-137,2026-08-02
2026-08-02-138,2026-08-02
2026-08-02-139,2026-08-02
2026-08-02-140,2026-08-02
2026-08-02-141,2026-08-02
2026-08-02-142,2026-08-02
2026-08-02-143,2026-08-02
2026-08-02-144,2026-08-02
2026-08-02-145,2026-08-02
2026-08-02-146,2026-08-02
2026-08-02-147,2026-08-02
2026-08-02-148,2026-08-02
2026-08-02-149,2026-08-02
2026-08-02-150,2026-08-02
2026-08-02-151,2026-08-02
2026-08-02-152,2026-08-02
2026-08-02-153,2026-08-02
2026-08-02-154,2026-08-02
2026-08-02-155,2026-08-02
2026-08-02-156,2026-08-02
2026-08-02-157,2026-08-02
2026-08-02-158,2026-08-02
2026-08-02-159,2026-08-02
2026-08-02-160,2026-08-02
2026-08-02-161,2026-08-02
2026-08-02-162,2026-08-02
2026-08-02-163,2026-08-02
2026-08-02-164,2026-08-02
2026-08-02-165,2026-08-02
2026-08-02-166,2026-08-02
2026-08-02-167,2026-08-02
2026-08-02-168,2026-08-02
2026-08-02-169,2026-08-02
2026-08-02-170,2026-08-02
2026-08-02-171,2026-08-02
2026-08-02-172,2026-08-02
2026-08-02-173,2026-08-02
2026-08-02-174,2026-08-02
2026-08-02-175,2026-08-02
2026-08-02-176,2026-08-02
2026-08-02-177,2026-08-02
2026-08-02-178,2026-08-02
2026-08-02-179,2026-08-02
2026-08-02-180,2026-08-02
2026-08-02-181,2026-08-02
2026-08-02-182,2026-08-02
2026-08-02-183,2026-08-02
2026-08-02-184,2026-08-02
2026-08-02-185,2026-08-02
2026-08-02-186,2026-08-02
2026-08-02-187,2026-08-02
2026-08-02-188,2026-08-02
2026-08-02-189,2026-08-02
2026-08-02-190,2026-08-02
2026-08-02-191,2026-08-02
2026-08-02-192,2026-08-02
2026-08-02-193,2026-08-02
2026-08-02-194,2026-08-02
2026-08-02-195,2026-08-02
2026-08-02-196,2026-08-02
2026-08-02-197,2026-08-02
2026-08-02-198,2026-08-02
2026-08-02-199,2026-08-02
2026-08-05-000,2026-08-05
2026-08-05-001,2026-08-05
2026-08-05-002,2026-08-05
2026-08-05-003,2026-08-05
2026-08-05-004,2026-08-05
2026-08-05-005,2026-08-05
2026-08-05-006,2026-08-05
2026-08-05-007,2026-08-05
2026-08-05-008,2026-08-05
2026-08-05-009,2026-08-05
2026-08-05-010,2026-08-05
2026-08-05-011,2026-08-05
2026-08-05-012,2026-08-05
2026-08-05-013,2026-08-05
2026-08-05-014,2026-08-05
2026-08-05-015,2026-08-05
2026-08-05-016,2026-08-05
2026-08-05-017,2026-08-05
2026-08-05-018,2026-08-05
2026-08-05-019,2026-08-05
2026-08-05-020,2026-08-05
2026-08-05-021,2026-08-05
2026-08-05-022,2026-08-05
2026-08-05-023,2026-08-05
2026-08-05-024,2026-08-05
2026-08-05-025,2026-08-05
2026-08-05-026,2026-08-05
2026-08-05-027,2026-08-05
2026-08-05-028,2026-08-05
2026-08-05-029,2026-08-05
2026-08-05-030,2026-08-05
2026-08-05-031,2026-08-05
2026-08-05-032,2026-08-05
2026-08-05-033,2026-08-05
2026-08-05-034,2026-08-05
2026-08-05-035,2026-08-05
2026-08-05-036,2026-08-05
2026-08-05-037,2026-08-05
2026-08-05-038,2026-08-05
2026-08-05-039,2026-08-05
2026-08-05-040,2026-08-05
2026-08-05-041,2026-08-05
2026-08-05-042,2026-08-05
2026-08-05-043,2026-08-05
2026-08-05-044,2026-08-05
2026-08-05-045,2026-08-05
2026-08-05-046,2026-08-05
2026-08-05-047,2026-08-05
2026-08-05-048,2026-08-05
2026-08-05-049,2026-08-05
2026-08-05-050,2026-08-05
2026-08-05-051,2026-08-05
2026-08-05-052,2026-08-05
2026-08-05-053,2026-08-05
2026-08-05-054,2026-08-05
2026-08-05-055,2026-08-05
2026-08-05-056,2026-08-05
2026-08-05-057,2026-08-05
2026-08-05-058,2026-08-05
2026-08-05-059,2026-08-05
2026-08-05-060,2026-08-05
2026-08-05-061,2026-08-05
2026-08-05-062,2026-08-05
2026-08-05-063,2026-08-05
2026-08-05-064,2026-08-05
2026-08-05-065,2026-08-05
2026-08-05-066,2026-08-05
2026-08-05-067,2026-08-05
2026-08-05-068,2026-08-05
2026-08-05-069,2026-08-05
2026-08-05-070,2026-08-05
2026-08-05-071,2026-08-05
2026-08-05-072,2026-08-05
2026-08-05-073,2026-08-05
2026-08-05-074,2026-08-05
2026-08-05-075,2026-08-05
2026-08-05-076,2026-08-05
2026-08-05-077,2026-08-05
2026-08-05-078,2026-08-05
2026-08-05-079,2026-08-05
2026-08-08-000,2026-08-08
2026-08-08-001,2026-08-08
2026-08-08-002,2026-08-08
2026-08-08-003,2026-08-08
2026-08-08-004,2026-08-08
2026-08-08-005,2026-08-08
2026-08-08-006,2026-08-08
2026-08-08-007,2026-08-08
2026-08-08-008,2026-08-08
2026-08-08-009,2026-08-08
2026-08-08-010,2026-08-08
2026-08-08-011,2026-08-08
2026-08-08-012,2026-08-08
2026-08-08-013,2026-08-08
2026-08-08-014,2026-08-08
2026-08-08-015,2026-08-08
2026-08-08-016,2026-08-08
2026-08-08-017,2026-08-08
2026-08-08-018,2026-08-08
2026-08-08-019,2026-08-08
2026-08-08-020,2026-08-08
2026-08-08-021,2026-08-08
2026-08-08-022,2026-08-08
2026-08-08-023,2026-08-08
2026-08-08-024,2026-08-08
2026-08-08-025,2026-08-08
2026-08-08-026,2026-08-08
2026-08-08-027,2026-08-08
2026-08-08-028,2026-08-08
2026-08-08-029,2026-08-08
2026-08-08-030,2026-08-08
2026-08-08-031,2026-08-08
2026-08-08-032,2026-08-08
2026-08-08-033,2026-08-08
2026-08-08-034,2026-08-08
2026-08-08-035,2026-08-08
2026-08-08-036,2026-08-08
2026-08-08-037,2026-08-08
2026-08-08-038,2026-08-08
2026-08-08-039,2026-08-08
2026-08-08-040,2026-08-08
2026-08-08-041,2026-08-08
2026-08-08-042,2026-08-08
2026-08-08-043,2026-08-08
2026-08-08-044,2026-08-08
2026-08-08-045,2026-08-08
2026-08-08-046,2026-08-08
2026-08-08-047,2026-08-08
2026-08-08-048,2026-08-08
2026-08-08-049,2026-08-08
2026-08-08-050,2026-08-08
2026-08-08-051,2026-08-08
2026-08-08-052,2026-08-08
2026-08-08-053,2026-08-08
2026-08-08-054,2026-08-08
2026-08-08-055,2026-08-08
2026-08-08-056,2026-08-08
2026-08-08-057,2026-08-08
2026-08-08-058,2026-08-08
2026-08-08-059,2026-08-08
2026-08-08-060,2026-08-08
2026-08-08-061,2026-08-08
2026-08-08-062,2026-08-08
2026-08-08-063,2026-08-08
2026-08-08-064,2026-08-08
2026-08-08-065,2026-08-08
2026-08-08-066,2026-08-08
2026-08-08-067,2026-08-08
2026-08-08-068,2026-08-08
2026-08-08-069,2026-08-08
2026-08-08-070,2026-08-08
2026-08-08-071,2026-08-08
2026-08-08-072,2026-08-08
2026-08-08-073,2026-08-08
2026-08-08-074,2026-08-08
2026-08-08-075,2026-08-08
2026-08-08-076,2026-08-08
2026-08-08-077,2026-08-08
2026-08-08-078,2026-08-08
2026-08-08-079,2026-08-08
2026-08-08-080,2026-08-08
2026-08-08-081,2026-08-08
2026-08-08-082,2026-08-08
2026-08-08-083,2026-08-08
2026-08-08-084,2026-08-08
2026-08-08-085,2026-08-08
2026-08-08-086,2026-08-08
2026-08-08-087,2026-08-08
2026-08-08-088,2026-08-08
2026-08-08-089,2026-08-08
2026-08-08-090,2026-08-08
2026-08-08-091,2026-08-08
2026-08-08-092,2026-08-08
2026-08-08-093,2026-08-08
2026-08-08-094,2026-08-08
2026-08-08-095,2026-08-08
2026-08-08-096,2026-08-08
2026-08-08-097,2026-08-08
2026-08-08-098,2026-08-08
2026-08-08-099,2026-08-08
2026-08-08-100,2026-08-08
2026-08-08-101,2026-08-08
2026-08-08-102,2026-08-08
2026-08-08-103,2026-08-08
2026-08-08-104,2026-08-08
2026-08-08-105,2026-08-08
2026-08-08-106,2026-08-08
2026-08-08-107,2026-08-08
2026-08-08-108,2026-08-08
2026-08-08-109,2026-08-08
2026-08-08-110,2026-08-08
2026-08-08-111,2026-08-08
2026-08-08-112,2026-08-08
2026-08-08-113,2026-08-08
2026-08-08-114,2026-08-08
2026-08-08-115,2026-08-08
2026-08-08-116,2026-08-08
2026-08-08-117,2026-08-08
2026-08-08-118,2026-08-08
2026-08-08-119,2026-08-08
