date,开盘,收盘,最低,最高
2016-12-19,3999.0,3999.0,3999.0,3999.0
2016-12-20,3956.0,3956.0,3956.0,3956.0
2016-12-21,3932.0,3932.0,3932.0,3932.0
2016-12-22,3883.0,3883.0,3883.0,3883.0
2016-12-23,3906.0,3906.0,3906.0,3906.0
2016-12-26,3950.0,3930.0,3900.0,3950.0
2016-12-29,3968.0,3968.0,3968.0,3968.0
2017-01-03,3978.0,3978.0,3978.0,3978.0
2017-01-04,4018.0,4016.0,4016.0,4018.0
2017-01-05,4027.0,4042.0,4027.0,4058.0
2017-01-06,3998.0,3997.0,3975.0,3998.0
2017-01-09,3995.0,3995.0,3995.0,4000.0
2017-01-10,4020.0,4020.0,4020.0,4020.0
2017-01-11,4078.0,4068.0,4065.0,4078.0
2017-01-12,4038.0,4038.0,4038.0,4038.0
2017-01-13,4015.0,4015.0,4015.0,4015.0
2017-01-16,4040.0,4040.0,4040.0,4040.0
2017-01-19,4020.0,4020.0,4020.0,4020.0
2017-02-07,4085.0,4085.0,4085.0,4085.0
2017-02-08,4098.0,4080.0,4080.0,4098.0
2017-02-09,4090.0,4090.0,4090.0,4090.0
2017-02-13,4141.0,4141.0,4140.0,4145.0
2017-02-14,4140.0,4140.0,4140.0,4140.0
2017-02-20,4125.0,4125.0,4125.0,4125.0
2017-02-21,4140.0,4146.0,4140.0,4153.0
2017-02-22,4145.0,4145.0,4145.0,4145.0
2017-02-23,4140.0,4140.0,4140.0,4140.0
2017-02-27,4268.0,4268.0,4268.0,4268.0
2017-03-01,4209.0,4209.0,4209.0,4209.0
2017-03-06,4103.0,4103.0,4103.0,4103.0
2017-03-07,4093.0,4093.0,4093.0,4093.0
2017-03-08,4070.0,4070.0,4070.0,4070.0
2017-03-09,4016.0,4016.0,4016.0,4016.0
2017-03-10,3973.0,3973.0,3973.0,3973.0
2017-03-13,4005.0,4005.0,4005.0,4005.0
2017-03-14,3995.0,3995.0,3995.0,3995.0
2017-03-20,4100.0,4100.0,4100.0,4100.0
2017-03-21,4077.0,4077.0,4077.0,4077.0
2017-03-28,4151.0,4151.0,4151.0,4151.0
2017-03-29,4140.0,4140.0,4140.0,4140.0
2017-03-30,4140.0,4140.0,4140.0,4140.0
2017-04-07,4215.0,4215.0,4215.0,4215.0
2017-04-14,4212.0,4213.0,4212.0,4214.0
2017-04-26,4115.0,4108.0,4108.0,4115.0
2017-05-03,4025.0,4025.0,4025.0,4025.0
2017-05-04,3920.0,3920.0,3920.0,3920.0
2017-05-05,3920.0,3920.0,3920.0,3920.0
2017-05-09,3916.0,3916.0,3916.0,3916.0
2017-05-10,3888.0,3886.0,3886.0,3888.0
2017-05-12,3942.0,3942.0,3942.0,3942.0
2017-05-26,3995.0,3998.0,3995.0,4005.0
2017-05-31,3998.0,3999.0,3998.0,4000.0
2017-06-06,4040.0,4040.0,4040.0,4040.0
2017-06-07,4060.0,4060.0,4060.0,4060.0
2017-06-08,4052.0,4052.0,4052.0,4052.0
2017-06-09,3996.0,3996.0,3996.0,3996.0
2017-06-12,4099.0,4039.0,3980.0,4099.0
2017-06-13,3940.0,3940.0,3940.0,3940.0
2017-06-14,3955.0,3955.0,3955.0,3955.0
2017-06-15,3972.0,3971.0,3944.0,3972.0
2017-06-16,3930.0,3930.0,3930.0,3930.0
2017-06-26,3945.0,3945.0,3945.0,3945.0
2017-06-28,3952.0,3950.0,3950.0,3952.0
2017-07-03,3905.0,3905.0,3905.0,3915.0
2017-07-04,3808.0,3808.0,3808.0,3808.0
2017-07-10,3625.0,3625.0,3625.0,3625.0
2017-07-11,3653.0,3653.0,3653.0,3653.0
2017-07-14,3680.0,3680.0,3680.0,3680.0
2017-07-18,3755.0,3755.0,3755.0,3755.0
2017-07-20,3765.0,3758.0,3758.0,3765.0
2017-07-21,3792.0,3792.0,3792.0,3792.0
2017-07-25,3792.0,3856.0,3792.0,3996.0
2017-07-26,3770.0,3770.0,3770.0,3770.0
2017-07-28,3818.0,3818.0,3818.0,3818.0
2017-08-01,3834.0,3836.0,3834.0,3841.0
2017-08-03,3817.0,3817.0,3817.0,3817.0
2017-08-07,3744.0,3742.0,3740.0,3744.0
2017-08-09,3784.0,3784.0,3784.0,3790.0
2017-08-11,3910.0,3910.0,3910.0,3910.0
2017-08-15,3872.0,3868.0,3865.0,3872.0
2017-08-22,3903.0,3903.0,3903.0,3903.0
2017-08-24,3906.0,3906.0,3906.0,3906.0
2017-09-07,3975.0,3975.0,3975.0,3975.0
2017-09-08,3985.0,3981.0,3978.0,3985.0
2017-09-13,3936.0,3936.0,3936.0,3936.0
2017-09-14,3915.0,3915.0,3915.0,3915.0
2017-10-09,3880.0,3873.0,3865.0,3880.0
2017-10-10,3875.0,3875.0,3875.0,3875.0
2017-10-11,3870.0,3870.0,3870.0,3870.0
2017-10-12,3895.0,3888.0,3879.0,3900.0
2017-10-17,3889.0,3885.0,3875.0,3889.0
2017-10-25,3868.0,3868.0,3868.0,3868.0
2017-10-26,3876.0,3873.0,3873.0,3876.0
2017-10-30,3840.0,3840.0,3840.0,3840.0
2017-10-31,3840.0,3840.0,3840.0,3840.0
2017-11-01,3840.0,3840.0,3840.0,3840.0
2017-11-02,3859.0,3859.0,3859.0,3859.0
2017-11-03,3868.0,3868.0,3868.0,3868.0
2017-11-06,3855.0,3855.0,3855.0,3855.0
2017-11-07,3860.0,3863.0,3860.0,3864.0
2017-11-08,3990.0,3895.0,3890.0,3990.0
2017-11-10,3868.0,3868.0,3868.0,3868.0
2017-11-13,3950.0,3950.0,3950.0,3950.0
2017-11-14,3872.0,3872.0,3872.0,3872.0
2017-11-15,3945.0,3875.0,3875.0,3945.0
2017-11-16,3930.0,3930.0,3930.0,3930.0
2017-11-21,3870.0,3870.0,3870.0,3870.0
2017-11-22,3900.0,3875.0,3875.0,3900.0
2017-11-24,3990.0,3878.0,3875.0,3990.0
2017-11-28,3876.0,3876.0,3876.0,3876.0
2017-11-29,3850.0,3850.0,3850.0,3850.0
2017-11-30,3793.0,3793.0,3793.0,3793.0
2017-12-01,3755.0,3755.0,3755.0,3755.0
2017-12-04,3748.0,3748.0,3748.0,3748.0
2017-12-06,3703.0,3703.0,3703.0,3703.0
2017-12-08,3628.0,3628.0,3628.0,3628.0
2017-12-11,3643.0,3644.0,3643.0,3649.0
2017-12-12,3636.0,3636.0,3636.0,3636.0
2017-12-13,3632.0,3632.0,3632.0,3632.0
2017-12-14,3705.0,3705.0,3705.0,3705.0
2017-12-18,3708.0,3708.0,3708.0,3708.0
2017-12-19,3720.0,3720.0,3720.0,3720.0
2017-12-20,3710.0,3710.0,3710.0,3710.0
2017-12-21,3710.0,3710.0,3710.0,3710.0
2017-12-22,3706.0,3706.0,3706.0,3706.0
2017-12-26,3760.0,3760.0,3760.0,3760.0
2017-12-27,3766.0,3766.0,3766.0,3766.0
2017-12-28,3806.0,3806.0,3806.0,3806.0
2018-01-02,3815.0,3815.0,3815.0,3815.0
2018-01-04,3805.0,3805.0,3805.0,3805.0
2018-01-08,3812.0,3812.0,3812.0,3812.0
2018-01-09,3820.0,3820.0,3820.0,3820.0
2018-01-10,3805.0,3805.0,3805.0,3805.0
2018-01-11,3820.0,3820.0,3820.0,3820.0
2018-01-12,3828.0,3828.0,3828.0,3828.0
2018-01-16,3855.0,3855.0,3855.0,3855.0
2018-01-18,3799.0,3799.0,3799.0,3799.0
2018-01-24,3781.0,3781.0,3781.0,3781.0
2018-01-25,3860.0,3860.0,3860.0,3860.0
2018-01-30,3770.0,3770.0,3770.0,3770.0
2018-02-06,3730.0,3730.0,3730.0,3730.0
2018-02-09,3640.0,3640.0,3640.0,3640.0
2018-02-13,3660.0,3660.0,3660.0,3660.0
2018-02-27,3680.0,3680.0,3680.0,3680.0
2018-02-28,3640.0,3640.0,3640.0,3640.0
2018-03-01,3636.0,3628.0,3620.0,3636.0
2018-03-09,3638.0,3638.0,3638.0,3638.0
2018-03-12,3660.0,3660.0,3660.0,3660.0
2018-03-20,3620.0,3620.0,3620.0,3620.0
2018-03-27,3672.0,3672.0,3672.0,3672.0
2018-04-25,3690.0,3690.0,3690.0,3690.0
2018-05-02,3635.0,3635.0,3635.0,3635.0
2018-05-14,3695.0,3695.0,3695.0,3695.0
2018-05-15,3658.0,3658.0,3658.0,3658.0
2018-05-16,3637.0,3637.0,3637.0,3637.0
2018-05-17,3640.0,3640.0,3640.0,3640.0
2018-05-21,3635.0,3635.0,3635.0,3635.0
2018-06-08,3686.0,3686.0,3686.0,3686.0
2018-06-26,3700.0,3700.0,3700.0,3700.0
2018-07-05,3700.0,3700.0,3700.0,3700.0
2018-07-18,3620.0,3620.0,3620.0,3620.0
2018-07-24,3645.0,3645.0,3645.0,3645.0
2018-07-30,3655.0,3655.0,3655.0,3655.0
2018-08-13,3648.0,3648.0,3648.0,3648.0
2018-08-14,3620.0,3620.0,3620.0,3620.0
2018-08-17,3500.0,3500.0,3500.0,3500.0
2018-08-23,3535.0,3535.0,3535.0,3535.0
2018-08-28,3550.0,3550.0,3550.0,3550.0
2018-08-30,3530.0,3530.0,3530.0,3530.0
2018-09-07,3425.0,3425.0,3425.0,3425.0
2018-09-12,3435.0,3435.0,3435.0,3435.0
2018-09-13,3440.0,3440.0,3440.0,3440.0
2018-09-17,3437.0,3437.0,3437.0,3437.0
2018-09-18,3450.0,3450.0,3450.0,3450.0
2018-10-08,3540.0,3540.0,3540.0,3540.0
2018-10-10,3527.0,3527.0,3527.0,3527.0
2018-10-11,3525.0,3523.0,3520.0,3525.0
2018-10-18,3554.0,3554.0,3554.0,3554.0
2018-10-23,3560.0,3560.0,3560.0,3560.0
2018-10-24,3560.0,3560.0,3560.0,3560.0
2018-10-25,3604.0,3604.0,3604.0,3604.0
2018-10-26,3604.0,3604.0,3604.0,3604.0
2018-10-29,3604.0,3603.0,3603.0,3604.0
2018-10-30,3585.0,3585.0,3585.0,3585.0
2018-10-31,3560.0,3560.0,3560.0,3560.0
2018-11-01,3550.0,3550.0,3550.0,3550.0
2018-11-02,3558.0,3565.0,3558.0,3585.0
2018-11-05,3576.0,3577.0,3576.0,3595.0
2018-11-06,3577.0,3577.0,3577.0,3577.0
2018-11-07,3584.0,3584.0,3584.0,3584.0
2018-11-12,3526.0,3526.0,3526.0,3526.0
2018-11-13,3517.0,3517.0,3517.0,3517.0
2018-11-14,3508.0,3508.0,3508.0,3508.0
2018-11-15,3506.0,3506.0,3506.0,3506.0
2018-11-19,3550.0,3550.0,3550.0,3550.0
2018-11-21,3535.0,3539.0,3535.0,3541.0
2018-11-22,3559.0,3559.0,3559.0,3559.0
2018-11-23,3550.0,3550.0,3550.0,3550.0
2018-11-26,3509.0,3509.0,3509.0,3509.0
2018-11-27,3509.0,3509.0,3509.0,3509.0
2018-11-28,3514.0,3514.0,3514.0,3514.0
2018-12-03,3530.0,3530.0,3530.0,3530.0
2018-12-05,3530.0,3530.0,3530.0,3530.0
2018-12-13,3560.0,3560.0,3560.0,3560.0
2018-12-14,3551.0,3551.0,3551.0,3551.0
2018-12-18,3544.0,3544.0,3544.0,3544.0
2018-12-19,3544.0,3544.0,3544.0,3544.0
2018-12-20,3630.0,3559.0,3559.0,3630.0
2018-12-21,3622.0,3560.0,3560.0,3622.0
2018-12-24,3559.0,3559.0,3559.0,3559.0
2018-12-25,3668.0,3626.0,3585.0,3668.0
2018-12-28,3665.0,3665.0,3665.0,3665.0
2019-01-02,3660.0,3678.0,3660.0,3679.0
2019-01-07,3845.0,3758.0,3758.0,3845.0
2019-01-09,3829.0,3726.0,3724.0,3829.0
2019-01-10,3826.0,3741.0,3741.0,3826.0
2019-01-11,3735.0,3735.0,3735.0,3735.0
2019-01-14,3723.0,3723.0,3723.0,3723.0
2019-01-15,3723.0,3723.0,3723.0,3723.0
2019-01-16,3723.0,3723.0,3723.0,3723.0
2019-01-17,3723.0,3723.0,3723.0,3723.0
2019-01-18,3723.0,3723.0,3723.0,3723.0
2019-01-22,3666.0,3666.0,3666.0,3666.0
2019-01-23,3666.0,3666.0,3666.0,3666.0
2019-01-29,3990.0,3990.0,3990.0,3990.0
2019-01-30,3742.0,3742.0,3742.0,3742.0
2019-01-31,3745.0,3745.0,3745.0,3745.0
2019-02-20,3800.0,3800.0,3800.0,3800.0
2019-02-21,3753.0,3753.0,3753.0,3753.0
2019-02-26,3735.0,3735.0,3735.0,3735.0
2019-02-27,3723.0,3723.0,3723.0,3723.0
2019-03-04,3600.0,3600.0,3600.0,3600.0
2019-03-05,3600.0,3600.0,3600.0,3600.0
2019-03-11,3666.0,3666.0,3666.0,3666.0
2019-03-13,3678.0,3678.0,3678.0,3678.0
2019-03-27,3678.0,3678.0,3678.0,3678.0
2019-03-29,3678.0,3678.0,3678.0,3678.0
2019-04-01,3556.0,3556.0,3556.0,3557.0
2019-04-04,3579.0,3579.0,3579.0,3579.0
2019-04-08,3588.0,3588.0,3588.0,3588.0
2019-04-24,3514.0,3514.0,3514.0,3514.0
2019-04-29,3555.0,3555.0,3555.0,3555.0
2019-04-30,3549.0,3549.0,3549.0,3549.0
2019-05-13,3553.0,3553.0,3553.0,3553.0
2019-05-14,3582.0,3582.0,3582.0,3582.0
2019-05-15,3583.0,3577.0,3570.0,3583.0
2019-05-16,3578.0,3578.0,3578.0,3578.0
2019-05-17,3538.0,3538.0,3538.0,3538.0
2019-05-20,3522.0,3522.0,3522.0,3522.0
2019-05-21,3525.0,3525.0,3525.0,3525.0
2019-05-27,3548.0,3548.0,3548.0,3548.0
2019-06-19,3605.0,3605.0,3605.0,3605.0
2019-06-26,3677.0,3677.0,3677.0,3677.0
2019-07-25,3949.0,3949.0,3949.0,3949.0
2019-08-06,4027.0,4027.0,4027.0,4027.0
2019-08-23,4185.0,4185.0,4185.0,4185.0
2019-08-30,4538.0,4538.0,4538.0,4538.0
2019-09-06,4530.0,4530.0,4530.0,4530.0
2019-09-12,4440.0,4440.0,4440.0,4440.0
2019-09-17,4378.0,4378.0,4378.0,4378.0
2019-09-23,4510.0,4510.0,4510.0,4510.0
2019-09-24,4558.0,4558.0,4558.0,4558.0
2019-09-26,4435.0,4435.0,4435.0,4435.0
2019-10-08,4285.0,4285.0,4285.0,4285.0
2019-10-16,4280.0,4280.0,4280.0,4280.0
2019-10-23,4309.0,4311.0,4309.0,4315.0
2019-10-25,4414.0,4414.0,4414.0,4414.0
2019-10-28,4423.0,4423.0,4423.0,4423.0
2019-11-04,4400.0,4400.0,4400.0,4400.0
2019-11-06,4261.0,4261.0,4261.0,4261.0
2019-11-07,4279.0,4279.0,4279.0,4279.0
2019-11-08,4125.0,4125.0,4125.0,4125.0
2019-11-11,4101.0,4099.0,4098.0,4101.0
2019-11-12,4083.0,4083.0,4083.0,4083.0
2019-11-13,4127.0,4127.0,4127.0,4127.0
2019-11-20,4124.0,4124.0,4124.0,4124.0
2019-11-21,4153.0,4154.0,4153.0,4155.0
2019-11-26,4105.0,4105.0,4105.0,4105.0
2019-11-27,4133.0,4129.0,4128.0,4133.0
2019-11-28,4127.0,4127.0,4127.0,4127.0
2019-12-03,4110.0,4110.0,4110.0,4110.0
2019-12-04,4227.0,4227.0,4227.0,4227.0
2019-12-05,4154.0,4154.0,4154.0,4154.0
2019-12-06,4131.0,4131.0,4131.0,4131.0
2019-12-09,4063.0,4063.0,4063.0,4063.0
2019-12-13,4090.0,4090.0,4090.0,4090.0
2019-12-16,4142.0,4142.0,4142.0,4142.0
2019-12-19,4133.0,4133.0,4133.0,4133.0
2019-12-23,4215.0,4215.0,4215.0,4215.0
2019-12-24,4264.0,4264.0,4264.0,4264.0
2019-12-25,4298.0,4298.0,4298.0,4298.0
2019-12-26,4359.0,4359.0,4359.0,4359.0
2019-12-27,4318.0,4318.0,4318.0,4318.0
2019-12-30,4344.0,4344.0,4344.0,4344.0
2020-01-02,4320.0,4320.0,4318.0,4326.0
2020-01-03,4404.0,4404.0,4404.0,4404.0
2020-01-06,4472.0,4472.0,4472.0,4472.0
2020-01-07,4384.0,4384.0,4384.0,4384.0
2020-01-08,4483.0,4484.0,4483.0,4488.0
2020-01-09,4313.0,4313.0,4313.0,4313.0
2020-01-10,4280.0,4280.0,4280.0,4280.0
2020-01-21,4260.0,4260.0,4260.0,4260.0
2020-02-05,4291.0,4291.0,4291.0,4291.0
2020-02-07,4300.0,4300.0,4300.0,4300.0
2020-02-11,4290.0,4290.0,4290.0,4290.0
2020-02-25,4440.0,4440.0,4440.0,4440.0
2020-03-02,4115.0,4115.0,4115.0,4115.0
2020-03-03,4072.0,4072.0,4072.0,4072.0
2020-03-04,4160.0,4160.0,4160.0,4160.0
2020-03-05,4148.0,4148.0,4148.0,4148.0
2020-03-06,4173.0,4173.0,4173.0,4173.0
2020-03-09,4010.0,4010.0,4010.0,4010.0
2020-03-10,4088.0,4088.0,4088.0,4088.0
2020-03-11,4100.0,4100.0,4100.0,4100.0
2020-03-12,4015.0,4015.0,4015.0,4015.0
2020-03-13,3800.0,3800.0,3800.0,3800.0
2020-03-17,3500.0,3500.0,3500.0,3500.0
2020-03-19,3200.0,3200.0,3200.0,3200.0
2020-03-20,3145.0,3147.0,3145.0,3150.0
2020-03-23,3150.0,3150.0,3150.0,3150.0
2020-03-24,3375.0,3375.0,3375.0,3375.0
2020-03-25,3555.0,3555.0,3555.0,3555.0
2020-03-26,3500.0,3527.0,3500.0,3530.0
2020-03-27,3585.0,3580.0,3575.0,3585.0
2020-03-30,3382.0,3382.0,3382.0,3382.0
2020-04-09,3720.0,3720.0,3720.0,3720.0
2020-04-10,3776.0,3776.0,3776.0,3776.0
2020-04-16,3754.0,3754.0,3754.0,3755.0
2020-04-23,3750.0,3750.0,3750.0,3750.0
2020-04-27,3730.0,3731.0,3730.0,3734.0
2020-04-29,3700.0,3700.0,3700.0,3700.0
2020-05-06,3700.0,3702.0,3700.0,3704.0
2020-05-11,3803.0,3803.0,3803.0,3803.0
2020-05-12,3785.0,3785.0,3785.0,3785.0
2020-05-13,3803.0,3803.0,3803.0,3803.0
2020-05-14,3812.0,3812.0,3812.0,3812.0
2020-05-20,4193.0,4193.0,4193.0,4193.0
2020-06-02,4445.0,4445.0,4445.0,4445.0
2020-06-05,4308.0,4308.0,4308.0,4308.0
2020-06-08,4303.0,4303.0,4303.0,4303.0
2020-06-09,4275.0,4275.0,4275.0,4275.0
2020-06-10,4310.0,4310.0,4310.0,4310.0
2020-06-12,4248.0,4261.0,4248.0,4275.0
2020-06-15,4163.0,4163.0,4163.0,4163.0
2020-06-18,4230.0,4230.0,4230.0,4230.0
2020-06-30,4313.0,4313.0,4313.0,4313.0
2020-07-10,4435.0,4435.0,4435.0,4435.0
2020-07-13,4485.0,4530.0,4485.0,4552.0
2020-07-16,4560.0,4560.0,4560.0,4560.0
2020-07-17,4525.0,4524.0,4524.0,4525.0
2020-07-28,4976.0,4976.0,4976.0,4976.0
2020-07-29,5473.0,5473.0,5473.0,5473.0
2020-07-30,5590.0,5590.0,5590.0,5590.0
2020-08-04,5706.0,5707.0,5706.0,5708.0
2020-08-11,6277.0,6277.0,6277.0,6277.0
2020-08-12,5844.0,5844.0,5844.0,5844.0
2020-08-13,6003.0,6007.0,6003.0,6010.0
2020-08-24,5747.0,5743.0,5739.0,5747.0
2020-09-01,6316.0,6316.0,6316.0,6316.0
2020-09-02,6174.0,6174.0,6174.0,6174.0
2020-09-09,5852.0,5852.0,5852.0,5852.0
2020-09-17,5832.0,5834.0,5832.0,5837.0
2020-09-18,5810.0,5810.0,5810.0,5810.0
2020-09-24,5229.0,5229.0,5229.0,5229.0
2020-09-25,4915.0,4921.0,4915.0,4960.0
2020-10-09,5097.0,5097.0,5097.0,5097.0
2020-10-14,5122.0,5122.0,5122.0,5122.0
2020-10-15,5120.0,5120.0,5120.0,5120.0
2020-10-26,5096.0,5097.0,5095.0,5100.0
2020-10-29,4960.0,4960.0,4960.0,4960.0
2020-11-03,5130.0,5132.0,5130.0,5135.0
2020-11-04,5058.0,5058.0,5058.0,5058.0
2020-11-05,5156.0,5156.0,5156.0,5156.0
2020-11-10,5085.0,5079.0,5070.0,5090.0
2020-11-11,5108.0,5108.0,5108.0,5108.0
2020-11-12,5102.0,5102.0,5102.0,5102.0
2020-11-16,5210.0,5210.0,5210.0,5210.0
2020-11-19,5038.0,5038.0,5038.0,5038.0
2020-11-30,4640.0,4646.0,4640.0,4652.0
2020-12-01,4721.0,4721.0,4721.0,4721.0
2020-12-04,5013.0,5013.0,5013.0,5013.0
2020-12-08,5120.0,5120.0,5120.0,5120.0
2020-12-10,4993.0,4990.0,4988.0,4993.0
2020-12-11,4935.0,4935.0,4935.0,4935.0
2020-12-16,5143.0,5143.0,5143.0,5143.0
2020-12-21,5657.0,5657.0,5657.0,5657.0
2020-12-23,5273.0,5273.0,5273.0,5273.0
2020-12-24,5300.0,5300.0,5300.0,5300.0
2020-12-25,5384.0,5384.0,5384.0,5384.0
2020-12-28,5530.0,5530.0,5530.0,5530.0
2021-01-06,5695.0,5695.0,5695.0,5695.0
2021-01-11,5140.0,5138.0,5134.0,5140.0
2021-01-12,5250.0,5250.0,5250.0,5250.0
2021-01-13,5280.0,5280.0,5280.0,5280.0
2021-01-21,5398.0,5398.0,5398.0,5398.0
2021-01-26,5258.0,5258.0,5258.0,5258.0
2021-01-29,5391.0,5391.0,5391.0,5391.0
2021-02-03,5512.0,5512.0,5512.0,5512.0
2021-02-04,5430.0,5430.0,5430.0,5430.0
2021-02-22,5680.0,5680.0,5680.0,5680.0
2021-02-23,5785.0,5785.0,5785.0,5785.0
2021-03-02,5378.0,5378.0,5378.0,5378.0
2021-03-04,5355.0,5355.0,5355.0,5355.0
2021-03-08,5280.0,5280.0,5280.0,5280.0
2021-03-09,5265.0,5265.0,5265.0,5265.0
2021-03-22,5350.0,5298.0,5298.0,5350.0
2021-03-24,5223.0,5223.0,5223.0,5223.0
2021-03-25,5216.0,5216.0,5216.0,5216.0
2021-03-26,5245.0,5245.0,5245.0,5245.0
2021-03-29,5182.0,5182.0,5182.0,5182.0
2021-04-06,5233.0,5222.0,5215.0,5233.0
2021-04-13,5230.0,5212.0,5208.0,5230.0
2021-04-14,5336.0,5336.0,5336.0,5336.0
2021-04-19,5400.0,5400.0,5400.0,5400.0
2021-04-26,5395.0,5395.0,5395.0,5395.0
2021-04-27,5412.0,5413.0,5412.0,5430.0
2021-04-28,5385.0,5385.0,5385.0,5385.0
2021-04-29,5457.0,5457.0,5457.0,5457.0
2021-05-07,5653.0,5653.0,5653.0,5653.0
2021-05-11,5667.0,5667.0,5667.0,5667.0
2021-05-12,5665.0,5665.0,5665.0,5665.0
2021-05-18,5938.0,5938.0,5938.0,5938.0
2021-05-24,5717.0,5717.0,5717.0,5717.0
2021-05-26,5770.0,5770.0,5770.0,5770.0
2021-05-28,5680.0,5664.0,5650.0,5680.0
2021-06-01,5798.0,5798.0,5798.0,5798.0
2021-06-02,5678.0,5678.0,5678.0,5678.0
2021-06-08,5678.0,5641.0,5638.0,5678.0
2021-06-10,5606.0,5606.0,5606.0,5606.0
2021-06-15,5646.0,5646.0,5646.0,5646.0
2021-06-16,5650.0,5650.0,5650.0,5650.0
2021-06-17,5512.0,5512.0,5512.0,5512.0
2021-06-18,5373.0,5373.0,5373.0,5373.0
2021-06-22,5360.0,5360.0,5360.0,5360.0
2021-06-23,5375.0,5375.0,5375.0,5375.0
2021-07-05,5492.0,5492.0,5492.0,5492.0
2021-07-06,5498.0,5504.0,5498.0,5511.0
2021-07-09,5375.0,5375.0,5375.0,5375.0
2021-07-13,5452.0,5452.0,5452.0,5452.0
2021-07-14,5412.0,5412.0,5412.0,5412.0
2021-07-22,5362.0,5362.0,5362.0,5362.0
2021-07-23,5303.0,5296.0,5296.0,5303.0
2021-07-29,5328.0,5328.0,5328.0,5328.0
2021-07-30,5357.0,5357.0,5357.0,5357.0
2021-08-02,5350.0,5350.0,5350.0,5350.0
2021-08-09,5087.0,5083.0,5081.0,5087.0
2021-08-10,5039.0,5039.0,5039.0,5039.0
2021-08-11,5040.0,5040.0,5040.0,5040.0
2021-08-12,5070.0,5070.0,5070.0,5070.0
2021-08-26,5069.0,5069.0,5069.0,5069.0
2021-09-07,5287.0,5287.0,5287.0,5287.0
2021-09-23,4843.0,4843.0,4843.0,4843.0
2021-09-27,4848.0,4848.0,4848.0,4848.0
2021-09-28,4800.0,4800.0,4800.0,4800.0
2021-09-29,4810.0,4750.0,4745.0,4810.0
2021-10-08,4796.0,4794.0,4793.0,4796.0
2021-10-12,4810.0,4829.0,4810.0,4839.0
2021-10-25,5013.0,5018.0,5013.0,5023.0
2021-10-28,4936.0,4945.0,4936.0,4949.0
2021-11-02,4920.0,4920.0,4920.0,4920.0
2021-11-03,4822.0,4822.0,4822.0,4822.0
2021-11-04,4852.0,4835.0,4833.0,4852.0
2021-11-05,4909.0,4909.0,4909.0,4909.0
2021-11-09,5175.0,5175.0,5175.0,5175.0
2021-11-10,4989.0,4993.0,4989.0,4997.0
2021-11-12,5207.0,5207.0,5207.0,5207.0
2021-11-18,5144.0,5142.0,5141.0,5144.0
2021-11-24,4877.0,4877.0,4877.0,4877.0
2021-11-25,4893.0,4888.0,4884.0,4893.0
2021-11-30,4748.0,4745.0,4736.0,4757.0
2021-12-01,4709.0,4708.0,4707.0,4709.0
2021-12-02,4638.0,4638.0,4638.0,4638.0
2021-12-07,4680.0,4680.0,4680.0,4680.0
2021-12-08,4685.0,4685.0,4685.0,4685.0
2021-12-10,4584.0,4576.0,4567.0,4584.0
2021-12-14,4680.0,4680.0,4680.0,4680.0
2021-12-15,4627.0,4627.0,4627.0,4627.0
2021-12-21,4759.0,4755.0,4753.0,4759.0
2021-12-22,4787.0,4787.0,4787.0,4787.0
2022-01-04,4751.0,4749.0,4747.0,4751.0
2022-01-05,4754.0,4754.0,4754.0,4754.0
2022-01-06,4696.0,4696.0,4696.0,4696.0
2022-01-07,4618.0,4618.0,4618.0,4618.0
2022-01-10,4610.0,4610.0,4610.0,4610.0
2022-01-12,4710.0,4710.0,4710.0,4710.0
2022-01-14,4772.0,4772.0,4772.0,4772.0
2022-01-18,4743.0,4744.0,4734.0,4750.0
2022-02-09,4818.0,4818.0,4818.0,4818.0
2022-02-14,4905.0,4905.0,4905.0,4905.0
2022-02-16,4822.0,4822.0,4822.0,4822.0
2022-02-21,4872.0,4872.0,4872.0,4872.0
2022-03-01,4979.0,4979.0,4979.0,4979.0
2022-03-03,5104.0,5104.0,5104.0,5104.0
2022-03-09,5300.0,5300.0,5300.0,5300.0
2022-03-22,5152.0,5152.0,5152.0,5152.0
2022-03-23,5085.0,5085.0,5085.0,5085.0
2022-03-25,5242.0,5241.0,5240.0,5242.0
2022-04-07,4973.0,4973.0,4973.0,4973.0
2022-04-08,5034.0,5033.0,5033.0,5034.0
2022-04-19,5270.0,5271.0,5270.0,5274.0
2022-04-28,4924.0,4923.0,4922.0,4924.0
2022-05-10,4818.0,4818.0,4818.0,4818.0
2022-05-26,4772.0,4773.0,4772.0,4775.0
2022-06-08,4793.0,4793.0,4793.0,4793.0
2022-06-13,4751.0,4751.0,4751.0,4751.0
2022-06-22,4681.0,4668.0,4652.0,4681.0
2022-06-23,4655.0,4655.0,4655.0,4655.0
2022-06-29,4547.0,4547.0,4547.0,4547.0
2022-07-05,4420.0,4415.0,4411.0,4420.0
2022-07-06,4234.0,4237.0,4234.0,4242.0
2022-07-14,4215.0,4215.0,4215.0,4215.0
2022-07-18,4132.0,4139.0,4132.0,4150.0
2022-07-21,4126.0,4126.0,4126.0,4126.0
2022-07-26,4144.0,4144.0,4144.0,4145.0
2022-07-27,4167.0,4167.0,4167.0,4167.0
2022-08-09,4525.0,4528.0,4525.0,4531.0
2022-08-10,4497.0,4497.0,4497.0,4497.0
2022-08-16,4471.0,4471.0,4471.0,4471.0
2022-08-18,4373.0,4373.0,4373.0,4373.0
2022-09-02,4173.0,4173.0,4173.0,4173.0
2022-09-06,4247.0,4247.0,4247.0,4247.0
2022-09-07,4172.0,4172.0,4172.0,4172.0
2022-09-08,4260.0,4260.0,4260.0,4260.0
2022-09-09,4306.0,4306.0,4306.0,4306.0
2022-09-14,4422.0,4422.0,4422.0,4422.0
2022-09-16,4410.0,4410.0,4410.0,4410.0
2022-09-20,4462.0,4462.0,4462.0,4462.0
2022-09-21,4452.0,4452.0,4452.0,4452.0
2022-10-10,4579.0,4576.0,4575.0,4579.0
2022-10-19,4425.0,4427.0,4425.0,4431.0
2022-10-24,4564.0,4567.0,4564.0,4571.0
2022-10-28,4603.0,4607.0,4602.0,4612.0
2022-10-31,4534.0,4534.0,4534.0,4534.0
2022-11-02,4648.0,4648.0,4648.0,4648.0
2022-11-03,4588.0,4588.0,4588.0,4588.0
2022-11-24,4990.0,4990.0,4990.0,4990.0
2022-12-28,5300.0,5300.0,5300.0,5300.0
2023-01-06,5177.0,5177.0,5177.0,5177.0
2023-01-09,5285.0,5285.0,5285.0,5285.0
2023-01-10,5215.0,5215.0,5215.0,5215.0
2023-01-13,5221.0,5221.0,5221.0,5221.0
2023-01-18,5287.0,5287.0,5287.0,5287.0
2023-01-30,5233.0,5233.0,5233.0,5233.0
2023-01-31,5182.0,5182.0,5182.0,5182.0
2023-02-01,5229.0,5228.0,5228.0,5229.0
2023-02-03,5205.0,5205.0,5205.0,5205.0
2023-02-08,5001.0,5001.0,5001.0,5001.0
2023-02-10,4933.0,4933.0,4933.0,4933.0
2023-02-13,4936.0,4936.0,4936.0,4936.0
2023-02-14,4939.0,4941.0,4939.0,4943.0
2023-02-22,4995.0,4995.0,4995.0,4995.0
2023-02-28,4874.0,4874.0,4874.0,4874.0
2023-03-03,4921.0,4925.0,4921.0,4930.0
2023-03-15,5050.0,5050.0,5050.0,5051.0
2023-03-17,5050.0,5050.0,5050.0,5050.0
2023-03-21,5150.0,5150.0,5150.0,5150.0
2023-03-24,5210.0,5221.0,5210.0,5242.0
2023-03-27,5204.0,5204.0,5204.0,5204.0
2023-03-30,5254.0,5254.0,5254.0,5254.0
2023-04-04,5364.0,5364.0,5364.0,5364.0
2023-04-07,5590.0,5592.0,5590.0,5594.0
2023-04-18,5634.0,5634.0,5634.0,5634.0
2023-04-20,5668.0,5668.0,5668.0,5668.0
2023-04-25,5658.0,5658.0,5658.0,5658.0
2023-04-28,5615.0,5615.0,5615.0,5616.0
2023-05-05,5866.0,5866.0,5866.0,5866.0
2023-05-09,5778.0,5778.0,5778.0,5778.0
2023-05-25,5333.0,5333.0,5333.0,5333.0
2023-05-31,5397.0,5397.0,5397.0,5397.0
2023-06-05,5487.0,5490.0,5487.0,5494.0
2023-06-07,5513.0,5514.0,5513.0,5516.0
2023-06-14,5655.0,5655.0,5655.0,5655.0
2023-07-04,5532.0,5532.0,5532.0,5532.0
2023-07-10,5558.0,5558.0,5558.0,5558.0
2023-07-28,5755.0,5756.0,5755.0,5757.0
2023-08-07,5688.0,5688.0,5688.0,5688.0
2023-08-10,5280.0,5280.0,5280.0,5280.0
2023-08-15,5620.0,5620.0,5620.0,5620.0
2023-08-31,5958.0,5958.0,5958.0,5958.0
2023-09-01,5952.0,5952.0,5952.0,5952.0
2023-09-04,5915.0,5915.0,5915.0,5915.0
2023-09-14,5936.0,5936.0,5936.0,5936.0
2023-09-19,5872.0,5872.0,5872.0,5872.0
2023-09-26,5885.0,5885.0,5885.0,5885.0
2023-10-10,5698.0,5698.0,5698.0,5698.0
2023-10-11,5679.0,5679.0,5679.0,5679.0
2023-10-25,5842.0,5839.0,5836.0,5842.0
2023-10-30,5896.0,5885.0,5880.0,5898.0
2023-11-07,5825.0,5825.0,5825.0,5825.0
2023-11-08,5748.0,5755.0,5748.0,5757.0
2023-11-10,5788.0,5788.0,5788.0,5788.0
2023-11-14,5735.0,5735.0,5735.0,5735.0
2023-11-16,5878.0,5878.0,5878.0,5878.0
2023-11-17,5917.0,5919.0,5917.0,5926.0
2023-11-23,5877.0,5877.0,5877.0,5877.0
2023-11-24,5876.0,5878.0,5876.0,5882.0
2023-11-27,6145.0,6145.0,6145.0,6145.0
2023-11-28,6155.0,6155.0,6155.0,6155.0
2023-12-07,5964.0,5966.0,5964.0,5969.0
2023-12-12,5856.0,5856.0,5856.0,5856.0
2023-12-13,5865.0,5865.0,5865.0,5865.0
2023-12-14,6009.0,6009.0,6009.0,6009.0
2023-12-15,6032.0,6033.0,6032.0,6034.0
2023-12-20,6042.0,6042.0,6042.0,6042.0
2024-01-02,6056.0,6059.0,6056.0,6062.0
2024-01-05,5918.0,5918.0,5918.0,5918.0
2024-01-09,5928.0,5928.0,5928.0,5928.0
2024-01-11,5917.0,5920.0,5917.0,5924.0
2024-01-15,6019.0,6019.0,6019.0,6019.0
2024-01-16,5979.0,5979.0,5979.0,5979.0
2024-01-18,5918.0,5919.0,5918.0,5920.0
2024-01-19,5953.0,5953.0,5953.0,5953.0
2024-01-22,5881.0,5881.0,5881.0,5881.0
2024-01-23,5823.0,5823.0,5823.0,5823.0
2024-01-25,5916.0,5917.0,5916.0,5918.0
2024-01-30,5988.0,5988.0,5988.0,5988.0
2024-02-19,5995.0,5995.0,5995.0,5995.0
2024-02-23,5928.0,5928.0,5928.0,5928.0
2024-02-26,5936.0,5933.0,5932.0,5936.0
2024-02-27,5902.0,5902.0,5902.0,5902.0
2024-02-28,5891.0,5891.0,5891.0,5891.0
2024-03-06,6137.0,6137.0,6137.0,6137.0
2024-03-13,6163.0,6163.0,6163.0,6163.0
2024-03-25,6410.0,6410.0,6410.0,6410.0
2024-03-26,6373.0,6373.0,6373.0,6373.0
2024-03-28,6375.0,6387.0,6375.0,6400.0
2024-04-16,7025.0,7025.0,7025.0,7025.0
2024-04-17,7377.0,7377.0,7377.0,7380.0
2024-04-29,7110.0,7109.0,7107.0,7111.0
2024-05-13,7322.0,7325.0,7322.0,7328.0
2024-05-23,7960.0,7960.0,7960.0,7960.0
2024-05-24,7955.0,7955.0,7955.0,7955.0
2024-05-27,8058.0,8058.0,8058.0,8058.0
2024-06-04,8070.0,8070.0,8070.0,8070.0
2024-06-05,7793.0,7793.0,7793.0,7793.0
2024-06-18,7798.0,7798.0,7798.0,7798.0
2024-06-20,7992.0,7992.0,7992.0,7992.0
2024-06-21,8088.0,8088.0,8088.0,8088.0
2024-07-05,8075.0,8093.0,8075.0,8098.0
2024-07-08,8243.0,8243.0,8243.0,8243.0
2024-07-22,7630.0,7630.0,7630.0,7630.0
2024-07-23,7579.0,7579.0,7579.0,7579.0
2024-07-24,7668.0,7668.0,7668.0,7668.0
2024-07-29,7315.0,7315.0,7315.0,7315.0
2024-08-05,7231.0,7231.0,7231.0,7231.0
2024-08-06,7038.0,7038.0,7038.0,7038.0
2024-08-08,6933.0,6933.0,6933.0,6933.0
2024-08-21,7545.0,7544.0,7543.0,7545.0
2024-08-29,7540.0,7540.0,7540.0,7540.0
2024-10-08,7751.0,7751.0,7751.0,7751.0
2024-10-09,7519.0,7519.0,7519.0,7519.0
2024-10-16,7838.0,7840.0,7835.0,7853.0
2024-10-21,8310.0,8310.0,8310.0,8310.0
2024-10-22,8240.0,8329.0,8240.0,8334.0
2024-10-23,8405.0,8405.0,8405.0,8405.0
2024-10-28,8129.0,8152.0,8129.0,8170.0
2024-10-29,8285.0,8273.0,8262.0,8285.0
2024-10-30,8339.0,8339.0,8339.0,8339.0
2024-11-06,8018.0,8018.0,8018.0,8018.0
2024-11-07,7711.0,7714.0,7711.0,7718.0
2024-11-08,7762.0,7762.0,7762.0,7762.0
2024-11-11,7798.0,7798.0,7798.0,7798.0
2024-11-12,7740.0,7602.0,7585.0,7740.0
2024-11-13,7718.0,7718.0,7718.0,7718.0
2024-11-14,7530.0,7530.0,7530.0,7530.0
2024-11-19,7824.0,7824.0,7824.0,7824.0
2024-11-25,7769.0,7699.0,7635.0,7769.0
2024-11-27,7624.0,7624.0,7624.0,7624.0
2024-12-02,7598.0,7598.0,7598.0,7598.0
2024-12-06,7792.0,7797.0,7792.0,7801.0
2024-12-11,7956.0,7956.0,7956.0,7956.0
2024-12-12,8023.0,8023.0,8023.0,8023.0
2024-12-13,7818.0,7805.0,7797.0,7818.0
2024-12-19,7510.0,7510.0,7510.0,7510.0
2024-12-27,7620.0,7620.0,7620.0,7620.0
2025-01-02,7627.0,7625.0,7624.0,7627.0
2025-01-08,7749.0,7749.0,7749.0,7749.0
2025-01-09,7766.0,7766.0,7766.0,7772.0
2025-01-10,7820.0,7820.0,7820.0,7820.0
2025-01-13,7783.0,7783.0,7783.0,7783.0
2025-01-14,7640.0,7639.0,7629.0,7640.0
2025-01-15,7662.0,7664.0,7662.0,7665.0
2025-01-17,7880.0,7880.0,7880.0,7880.0
2025-01-20,7720.0,7720.0,7720.0,7720.0
2025-01-24,7745.0,7745.0,7745.0,7745.0
2025-02-06,8083.0,8083.0,8083.0,8083.0
2025-02-18,8095.0,8095.0,8095.0,8095.0
2025-02-20,8166.0,8166.0,8166.0,8166.0
2025-02-24,8100.0,8100.0,8100.0,8100.0
2025-03-03,7915.0,7915.0,7915.0,7915.0
2025-03-04,7953.0,7953.0,7953.0,7963.0
2025-03-12,8115.0,8115.0,8115.0,8115.0
2025-03-18,8370.0,8370.0,8370.0,8370.0
2025-03-21,8220.0,8220.0,8220.0,8220.0
2025-03-25,8252.0,8252.0,8252.0,8252.0
2025-04-01,8460.0,8467.0,8460.0,8476.0
2025-04-07,7682.0,7682.0,7682.0,7682.0
2025-04-10,7990.0,7990.0,7990.0,7990.0
2025-04-11,7994.0,7994.0,7994.0,7994.0
2025-04-15,8166.0,8166.0,8166.0,8166.0
2025-04-16,8210.0,8209.0,8205.0,8210.0
2025-04-17,8188.0,8188.0,8188.0,8188.0
2025-04-22,8238.0,8238.0,8238.0,8238.0
2025-04-25,8330.0,8330.0,8330.0,8330.0
2025-05-06,8263.0,8263.0,8263.0,8263.0
2025-05-09,8179.0,8179.0,8179.0,8179.0
2025-05-12,8245.0,8245.0,8245.0,8245.0
2025-05-22,8300.0,8300.0,8300.0,8300.0
2025-05-23,8265.0,8265.0,8265.0,8265.0
2025-05-27,8236.0,8236.0,8236.0,8236.0
2025-05-28,8256.0,8254.0,8240.0,8256.0
2025-06-10,8915.0,8917.0,8915.0,8926.0
2025-06-13,8818.0,8832.0,8818.0,8848.0
2025-06-18,8986.0,8986.0,8986.0,8986.0
2025-07-03,8966.0,8966.0,8966.0,8966.0
2025-07-04,8944.0,8942.0,8936.0,8944.0
2025-07-09,8880.0,8880.0,8880.0,8880.0
2025-07-10,8894.0,8894.0,8894.0,8894.0
2025-07-18,9210.0,9210.0,9210.0,9210.0
2025-07-22,9379.0,9379.0,9379.0,9379.0
2025-07-25,9380.0,9380.0,9380.0,9380.0
2025-07-28,9209.0,9209.0,9209.0,9209.0
2025-07-29,9200.0,9201.0,9200.0,9204.0
2025-08-13,9236.0,9239.0,9236.0,9266.0
2025-08-19,9198.0,9198.0,9198.0,9198.0
2025-08-29,9390.0,9390.0,9390.0,9390.0
2025-09-08,9808.0,9813.0,9808.0,9818.0
2025-09-12,10060.0,10048.0,10042.0,10060.0
2025-09-19,9980.0,9980.0,9980.0,9980.0
2025-09-30,10960.0,10960.0,10960.0,10960.0
2025-10-09,10254.0,10972.0,10254.0,11508.0
2025-10-13,11500.0,11500.0,11500.0,11500.0
2025-10-15,12034.0,11958.0,11909.0,12034.0
2025-10-16,12218.0,12218.0,12218.0,12218.0
2025-10-17,12225.0,12225.0,12225.0,12225.0
2025-10-20,11900.0,11732.0,11723.0,11900.0
2025-10-21,12065.0,11980.0,11725.0,12065.0
2025-10-22,11351.0,11425.0,11351.0,11510.0
2025-10-23,11550.0,11544.0,11486.0,11550.0
2025-10-24,11469.0,11469.0,11469.0,11469.0
2025-10-27,11463.0,11463.0,11463.0,11463.0
2025-10-28,11232.0,11205.0,11037.0,11232.0
2025-10-29,11314.0,11299.0,11270.0,11314.0
2025-10-30,11215.0,11215.0,11215.0,11215.0
2025-10-31,11558.0,11558.0,11558.0,11558.0
2025-11-03,11415.0,11423.0,11415.0,11465.0
2025-11-04,11375.0,11346.0,11255.0,11375.0
2025-11-05,11343.0,11339.0,11280.0,11344.0
2025-11-06,11376.0,11421.0,11376.0,11480.0
2025-11-07,11500.0,11504.0,11450.0,11510.0
2025-11-10,11690.0,11687.0,11610.0,11745.0
2025-11-11,12050.0,12050.0,12050.0,12050.0
2025-11-12,12054.0,12077.0,12054.0,12105.0
2025-11-13,12077.0,12610.0,12077.0,12700.0
2025-11-14,12525.0,12496.0,12426.0,12525.0
2025-11-17,12040.0,12028.0,11984.0,12040.0
2025-11-18,11837.0,11812.0,11748.0,11837.0
2025-11-19,12060.0,12075.0,12060.0,12177.0
2025-11-20,12060.0,12060.0,12060.0,12060.0
2025-11-21,11935.0,11741.0,11735.0,11935.0
2025-11-24,11915.0,11855.0,11840.0,11915.0
2025-11-25,12187.0,12168.0,12145.0,12187.0
2025-11-26,12248.0,12248.0,12248.0,12248.0
2025-11-28,12719.0,12719.0,12719.0,12719.0
2025-12-01,13503.0,13458.0,13315.0,13503.0
2025-12-02,13450.0,13467.0,13449.0,13545.0
2025-12-03,13905.0,13853.0,13605.0,13905.0
2025-12-04,13718.0,13721.0,13400.0,13744.0
2025-12-05,13450.0,13489.0,13450.0,13682.0
2025-12-08,13692.0,13708.0,13692.0,13720.0
2025-12-09,13626.0,13626.0,13626.0,13626.0
2025-12-10,14396.0,14396.0,14396.0,14396.0
2025-12-11,14520.0,14513.0,14475.0,14520.0
2025-12-15,14860.0,14860.0,14860.0,14860.0
2025-12-18,15550.0,15550.0,15550.0,15550.0
2025-12-22,16230.0,16230.0,16230.0,16230.0
2025-12-23,16575.0,16559.0,16535.0,16575.0
2025-12-24,17630.0,17630.0,17630.0,17630.0
2025-12-26,18439.0,18439.0,18439.0,18439.0
2025-12-30,18120.0,18160.0,18120.0,18200.0
2025-12-31,18700.0,18700.0,18700.0,18700.0
2026-01-05,18580.0,18621.0,18580.0,18658.0
2026-01-06,19575.0,19575.0,19575.0,19575.0
2026-01-07,19965.0,19647.0,19500.0,19965.0
2026-01-08,18600.0,18600.0,18600.0,18600.0
2026-01-15,20200.0,20250.0,20200.0,20300.0
2026-01-16,22275.0,22275.0,22275.0,22275.0
2026-01-19,23195.0,23376.0,23185.0,23440.0
2026-01-20,23120.0,23265.0,23120.0,23550.0
2026-01-21,23550.0,23545.0,23355.0,23550.0
2026-01-22,23150.0,22958.0,22880.0,23440.0
2026-01-23,25253.0,25184.0,25120.0,25253.0
2026-01-26,27580.0,27602.0,27580.0,27610.0
2026-01-27,29080.0,29080.0,29080.0,29080.0
2026-01-28,30184.0,30084.0,29585.0,30450.0
2026-01-29,31100.0,31100.0,31100.0,31100.0
2026-01-30,32000.0,32000.0,32000.0,32000.0
2026-02-04,29120.0,29120.0,29120.0,29120.0
2026-02-05,26300.0,26300.0,26300.0,26300.0
2026-02-10,23670.0,23670.0,23670.0,23670.0
2026-02-11,22146.0,22146.0,22146.0,22146.0
2026-02-12,22025.0,22025.0,22025.0,22025.0
2026-02-13,19822.0,19822.0,19822.0,19822.0
2026-02-27,21804.0,21804.0,21804.0,21804.0
2026-03-02,23984.0,23984.0,23984.0,23984.0
2026-03-03,24850.0,24381.0,22543.0,24850.0
2026-03-04,22508.0,22508.0,22508.0,22508.0
2026-03-05,22600.0,22151.0,21588.0,22600.0
2026-03-06,22100.0,21853.0,21730.0,22450.0
2026-03-09,22190.0,22190.0,22190.0,22190.0
2026-03-10,23530.0,23530.0,23530.0,23530.0
2026-03-11,22990.0,23030.0,22990.0,23150.0
2026-03-12,22450.0,22445.0,22330.0,22590.0
2026-03-13,21720.0,21817.0,21720.0,21880.0
2026-03-16,20660.0,20711.0,20660.0,20780.0
2026-03-17,20700.0,20780.0,20700.0,20860.0
2026-03-18,20249.0,20249.0,20249.0,20249.0
2026-03-19,19010.0,18598.0,18224.0,19140.0
2026-03-20,18450.0,18148.0,17860.0,18450.0
2026-03-23,16550.0,16484.0,16333.0,16550.0
2026-03-24,16740.0,17164.0,16740.0,17480.0
2026-03-25,18372.0,18384.0,18372.0,18400.0
2026-03-26,17650.0,17700.0,17650.0,17750.0
2026-03-27,17815.0,17749.0,17575.0,17815.0
2026-03-30,17825.0,17885.0,17818.0,17980.0
2026-03-31,18330.0,18303.0,18250.0,18330.0
2026-04-01,18925.0,18932.0,18925.0,18961.0
2026-04-02,17740.0,17740.0,17740.0,17740.0
2026-04-03,18045.0,18036.0,18000.0,18045.0
2026-04-07,18000.0,18050.0,17950.0,18059.0
2026-04-08,19100.0,19096.0,19030.0,19100.0
2026-04-09,18260.0,18316.0,18260.0,18320.0
2026-04-10,18670.0,18670.0,18670.0,18670.0
2026-04-13,18750.0,18514.0,18354.0,18750.0
2026-04-14,19080.0,19080.0,19080.0,19080.0
2026-04-15,19700.0,19700.0,19700.0,19700.0
2026-04-16,19990.0,19995.0,19990.0,20000.0
2026-04-17,19595.0,19617.0,19595.0,19635.0
2026-04-20,19907.0,19907.0,19907.0,19907.0
2026-04-21,19741.0,19735.0,19705.0,19750.0
2026-04-22,19580.0,19580.0,19580.0,19580.0
2026-04-23,18990.0,18988.0,18985.0,18990.0
2026-04-24,18720.0,18501.0,18485.0,18720.0
2026-04-27,18860.0,18854.0,18850.0,18860.0
2026-04-28,18300.0,18285.0,18058.0,18300.0
2026-04-29,18200.0,18174.0,18135.0,18200.0
2026-04-30,18079.0,18067.0,18065.0,18079.0
2026-05-07,19500.0,19500.0,19500.0,19500.0
2026-05-08,19800.0,19795.0,19785.0,19830.0
2026-05-11,19905.0,19905.0,19905.0,19905.0
2026-05-12,20840.0,20775.0,20710.0,20840.0
2026-05-13,21300.0,21300.0,21300.0,21300.0
2026-05-14,21416.0,21408.0,21400.0,21416.0
2026-05-15,19300.0,19293.0,19289.0,19300.0
2026-05-18,18435.0,18524.0,18435.0,18620.0
2026-05-19,18685.0,18685.0,18685.0,18685.0
2026-05-20,18300.0,18300.0,18300.0,18300.0
2026-05-21,18866.0,18814.0,18345.0,18866.0
2026-05-22,18705.0,18705.0,18705.0,18705.0
2026-05-27,18256.0,18256.0,18256.0,18256.0
2026-05-28,17810.0,17875.0,17810.0,18200.0
2026-05-29,18000.0,18220.0,18000.0,18330.0
2026-06-02,18496.0,18496.0,18496.0,18496.0
2026-06-03,18050.0,18050.0,18050.0,18050.0
2026-06-04,17755.0,17755.0,17755.0,17755.0
2026-06-05,17550.0,17550.0,17550.0,17550.0
2026-06-08,16215.0,16215.0,16215.0,16215.0
2026-06-09,16477.0,16477.0,16477.0,16477.0
2026-06-10,15631.0,15631.0,15631.0,15631.0
2026-06-11,15410.0,15410.0,15410.0,15410.0
2026-06-12,16052.0,16052.0,16052.0,16052.0
2026-06-16,16690.0,16690.0,16690.0,16690.0
2026-06-17,16875.0,16875.0,16875.0,16875.0
2026-06-18,16535.0,16535.0,16535.0,16535.0
2026-06-22,16060.0,16060.0,16060.0,16060.0
2026-06-23,15090.0,15090.0,15090.0,15090.0
2026-06-24,14970.0,14970.0,14970.0,14970.0
2026-06-25,13850.0,13850.0,13850.0,13850.0
2026-06-26,13670.0,13956.0,13670.0,14100.0
2026-06-29,14310.0,14310.0,14310.0,14310.0
2026-06-30,14470.0,14470.0,14470.0,14470.0
2026-07-01,14140.0,14140.0,14140.0,14140.0
2026-07-02,14720.0,14720.0,14720.0,14720.0
2026-07-03,15320.0,15320.0,15320.0,15320.0
2026-07-06,15180.0,15180.0,15180.0,15180.0
2026-07-08,14700.0,14840.0,14700.0,14980.0
2026-07-09,14490.0,14490.0,14490.0,14490.0
2026-07-10,14790.0,14790.0,14790.0,14790.0
2026-07-13,14200.0,14200.0,14200.0,14200.0
2026-07-14,14270.0,14270.0,14270.0,14270.0
2026-07-15,14355.0,14298.0,14225.0,14355.0
2026-07-16,13955.0,13955.0,13955.0,13955.0
2026-07-17,13585.0,13585.0,13585.0,13585.0
2026-07-20,13805.0,13805.0,13805.0,13805.0
2026-07-21,14400.0,14400.0,14400.0,14400.0
2026-07-22,14557.0,14557.0,14557.0,14557.0
2026-07-23,14670.0,14670.0,14670.0,14670.0
2026-07-24,14558.0,14558.0,14558.0,14558.0
2026-07-27,14600.0,14622.0,14600.0,14633.0
2026-07-28,13970.0,13970.0,13970.0,13970.0
2026-07-29,14260.0,14260.0,14260.0,14260.0
2026-07-30,14055.0,14055.0,14055.0,14055.0
2026-07-31,14250.0,14250.0,14250.0,14250.0
2026-08-03,14235.0,14235.0,14235.0,14235.0
2026-08-04,14310.0,14351.0,14310.0,14370.0
2026-08-05,15095.0,15095.0,15095.0,15095.0
2026-08-06,15115.0,15115.0,15115.0,15115.0
2026-08-07,15600.0,15600.0,15600.0,15600.0
2026-08-10,15700.0,15700.0,15700.0,15700.0
2026-08-11,15797.0,15787.0,15775.0,15797.0
2026-08-12,16160.0,16160.0,16160.0,16160.0
2026-08-13,15840.0,15840.0,15840.0,15840.0
2026-08-14,15720.0,15720.0,15720.0,15720.0
2026-08-17,16150.0,16150.0,16150.0,16150.0
2026-08-18,16000.0,16000.0,16000.0,16000.0
2026-08-19,15400.0,15400.0,15400.0,15400.0
2026-08-20,16420.0,16420.0,16420.0,16420.0
2026-08-21,16850.0,16850.0,16850.0,16850.0
2026-08-24,16700.0,16820.0,16700.0,16835.0
2026-08-25,16540.0,16552.0,16540.0,16650.0
2026-08-26,16815.0,16815.0,16815.0,16815.0
2026-08-27,16760.0,16760.0,16760.0,16760.0
2026-08-28,17215.0,17215.0,17215.0,17215.0
2026-08-31,16325.0,16325.0,16325.0,16325.0
2026-09-01,16295.0,16295.0,16295.0,16295.0
2026-09-02,15640.0,15640.0,15640.0,15640.0
2026-09-03,16090.0,16090.0,16090.0,16090.0
2026-09-04,16240.0,16240.0,16240.0,16240.0
2026-09-07,16035.0,16035.0,16035.0,16035.0
2026-09-08,16150.0,16150.0,16150.0,16150.0
2026-09-09,16245.0,16245.0,16245.0,16245.0
2026-09-10,16430.0,16431.0,16430.0,16475.0
2026-09-11,15625.0,15625.0,15625.0,15625.0
2026-09-14,15570.0,15570.0,15570.0,15570.0
2026-09-15,15455.0,15455.0,15455.0,15455.0
2026-09-16,15815.0,15815.0,15815.0,15815.0
2026-09-17,15585.0,15585.0,15585.0,15585.0
2026-09-18,16305.0,16305.0,16305.0,16305.0
