date,金银比
2016-09-19,68.54219948849105
2016-09-20,68.35803046846566
2016-09-21,67.26061279087375
2016-09-22,67.28091357279405
2016-09-23,68.09124198962466
2016-09-26,68.5526180961164
2016-09-27,69.72883493615008
2016-09-28,69.3393503699428
2016-09-29,69.1386532621217
2016-09-30,68.15978874333351
2016-10-03,69.26387495379416
2016-10-04,70.21754774425685
2016-10-05,71.81508984751433
2016-10-06,72.32889350170097
2016-10-07,73.06587592301878
2016-10-10,71.2518384432628
2016-10-11,71.6325833095984
2016-10-12,71.8274577242763
2016-10-13,72.05823350719322
2016-10-14,72.0515327543567
2016-10-17,72.0926893700109
2016-10-18,71.4759667100719
2016-10-19,71.89013351436978
2016-10-20,72.29601734565787
2016-10-21,72.42493696997478
2016-10-24,71.7953821656051
2016-10-25,71.64049749563848
2016-10-26,71.76300741663364
2016-10-27,71.97651330345494
2016-10-28,71.73986868915554
2016-10-31,71.48939750925614
2016-11-01,70.04408403178405
2016-11-02,69.88584597245297
2016-11-03,71.10058588402781
2016-11-04,70.90691605045672
2016-11-07,70.62386332322954
2016-11-08,69.27881762770375
2016-11-09,68.94379378576394
2016-11-10,68.24534996236963
2016-11-11,69.36308954972174
2016-11-14,72.53483226693776
2016-11-15,71.69301944249239
2016-11-16,72.62165846719223
2016-11-17,72.27494848395644
2016-11-18,73.28012139605462
2016-11-21,73.21618037135278
2016-11-22,72.74002287365317
2016-11-23,72.8020897357099
2016-11-24,72.53364325911427
2016-11-25,71.68652834069324
2016-11-28,71.43003003003004
2016-11-29,71.62101833976834
2016-11-30,70.98165801858332
2016-12-01,71.0049273070138
2016-12-02,70.46681867274691
2016-12-05,69.73237323732373
2016-12-06,69.80453105385857
2016-12-07,68.7941605839416
2016-12-08,68.77070362974275
2016-12-09,68.67608798486283
2016-12-12,67.96401570649945
2016-12-13,68.68177503559563
2016-12-14,68.01310171375094
2016-12-15,70.21061814556332
2016-12-16,70.65043195192187
2016-12-19,71.13351226515199
2016-12-20,71.65205235735164
2016-12-21,71.0472421158437
2016-12-22,71.15452261306532
2016-12-23,71.9042189281642
2016-12-26,72.03750794659886
2016-12-27,71.74135319363798
2016-12-28,71.218245526217
2016-12-29,71.51816824290692
2016-12-30,72.01182327317984
2017-01-02,72.07877874104787
2017-01-03,70.7242118151209
2017-01-04,70.97245917621252
2017-01-05,70.84067877915693
2017-01-06,71.32375234976655
2017-01-09,71.11921407907425
2017-01-10,70.59281259281259
2017-01-11,71.19234484424052
2017-01-12,71.21045147529328
2017-01-13,71.36054015296367
2017-01-16,71.49809840741622
2017-01-17,70.92189874897696
2017-01-18,70.34554610175377
2017-01-19,71.02225642239848
2017-01-20,70.6462784691242
2017-01-23,70.92668143140226
2017-01-24,70.69166278528179
2017-01-25,70.92325002961033
2017-01-26,70.85463449593885
2017-01-27,70.21997516409436
2017-01-30,69.74394785847299
2017-01-31,69.52165184972756
2017-02-01,68.9754615296411
2017-02-02,69.34970933546107
2017-02-03,69.68748214591784
2017-02-06,69.67796802358544
2017-02-07,69.4437570303712
2017-02-08,69.83688621407279
2017-02-09,69.86187376167562
2017-02-10,68.79096297953248
2017-02-13,68.4950151226616
2017-02-14,68.66662923871546
2017-02-15,68.54952434247342
2017-02-16,68.59898308831657
2017-02-17,68.756033956611
2017-02-20,68.64269463403807
2017-02-21,68.55721669538154
2017-02-22,68.66778056251742
2017-02-23,68.85352422907489
2017-02-24,68.49743757496458
2017-02-27,68.42902927915694
2017-02-28,68.2301845819761
2017-03-01,67.67782312925169
2017-03-02,67.70329970002726
2017-03-03,69.12881566326243
2017-03-06,68.99752892283499
2017-03-07,69.33537832310839
2017-03-08,69.84618942986008
2017-03-09,70.27028604786923
2017-03-10,71.03287217689487
2017-03-13,70.88619512769213
2017-03-14,70.92283260792848
2017-03-15,71.24354790863245
2017-03-16,70.91370851370851
2017-03-17,70.94413665743305
2017-03-20,70.87168878928921
2017-03-21,70.94219026422415
2017-03-22,71.13062318262158
2017-03-23,70.84148839326353
2017-03-24,70.46193810707025
2017-03-27,69.57794908768233
2017-03-28,69.07949790794979
2017-03-29,68.87696709585121
2017-03-30,68.21124828532236
2017-03-31,68.5583108813988
2017-04-03,68.77655195125966
2017-04-04,68.5462171142219
2017-04-05,68.94627078645519
2017-04-06,68.67014270032932
2017-04-07,68.15583142763803
2017-04-10,70.04800982526656
2017-04-11,69.8924791086351
2017-04-12,68.47603956067975
2017-04-13,68.92284351972258
2017-04-14,69.36117405848711
2017-04-17,69.68952834270878
2017-04-18,70.74869827349958
2017-04-19,70.52047687382714
2017-04-20,71.43592325334228
2017-04-21,71.89266327158767
2017-04-24,71.3241217274558
2017-04-25,71.6137237169342
2017-04-26,72.48209476880766
2017-04-27,73.16142460684551
2017-04-28,73.6033000232396
2017-05-01,74.04444183175592
2017-05-02,74.53471108735673
2017-05-03,74.889614709974
2017-05-04,75.46147228708368
2017-05-05,75.32348071380389
2017-05-08,75.50744248985114
2017-05-09,75.44688236023305
2017-05-10,75.24915306436712
2017-05-11,75.3210613802869
2017-05-12,74.76705996837367
2017-05-15,73.98260869565217
2017-05-16,73.8757467144564
2017-05-17,74.36216184218316
2017-05-18,75.15590400383027
2017-05-19,74.68861846814603
2017-05-22,73.43844719048731
2017-05-23,73.34170267429639
2017-05-24,73.28530428161424
2017-05-25,73.12376410375713
2017-05-26,73.13633737723859
2017-05-29,72.7050590799587
2017-05-30,72.64504628831004
2017-05-31,73.00979262672811
2017-06-01,73.47955087555995
2017-06-02,72.88878739438229
2017-06-05,72.87025948103792
2017-06-06,73.08213761156931
2017-06-07,73.17253121452893
2017-06-08,73.21926053310403
2017-06-09,73.60764272025088
2017-06-12,74.71372919371974
2017-06-13,75.17623243629437
2017-06-14,74.27856352948024
2017-06-15,74.86089552238806
2017-06-16,75.22281533017454
2017-06-19,75.36292270531402
2017-06-20,75.55683820402211
2017-06-21,75.79652756625039
2017-06-22,75.37520342354287
2017-06-23,75.16793390408908
2017-06-26,75.00150829562595
2017-06-27,75.1108700891781
2017-06-28,74.34904200880638
2017-06-29,74.69429429429431
2017-06-30,74.63580135711284
2017-07-03,75.70995108056226
2017-07-04,76.0849819584422
2017-07-05,76.52527527527528
2017-07-06,76.62119031228487
2017-07-07,78.35460257822116
2017-07-10,77.72686490643424
2017-07-11,77.1160929759939
2017-07-12,76.56112852664577
2017-07-13,77.30444712300958
2017-07-14,77.16268844221106
2017-07-17,76.54917778467266
2017-07-18,76.29259009147276
2017-07-19,76.13633574671739
2017-07-20,76.16038139478026
2017-07-21,76.0972348830143
2017-07-24,76.1053524883312
2017-07-25,75.85151515151514
2017-07-26,75.91254637231648
2017-07-27,75.69158540989527
2017-07-28,75.95332136445242
2017-07-31,75.3399845596532
2017-08-01,75.96152697293745
2017-08-02,76.06698564593302
2017-08-03,76.27164502164501
2017-08-04,77.11087943088432
2017-08-07,77.42421447457419
2017-08-08,76.5570068359375
2017-08-09,75.48564990512334
2017-08-10,75.24280944291488
2017-08-11,75.45055073822357
2017-08-14,75.08445847214915
2017-08-15,76.39783978397841
2017-08-16,75.12182172143237
2017-08-17,75.39260563380283
2017-08-18,75.6525309402311
2017-08-21,75.85843727935985
2017-08-22,75.67640660826622
2017-08-23,75.75504441437732
2017-08-24,75.87680518715001
2017-08-25,75.67684821480917
2017-08-28,75.24969759806463
2017-08-29,75.10868945056198
2017-08-30,75.1636614218445
2017-08-31,75.1285706140601
2017-09-01,74.82930137915443
2017-09-04,74.52382282299057
2017-09-05,74.55337204108979
2017-09-06,74.5590117411385
2017-09-07,74.66515008600122
2017-09-08,74.68853912657947
2017-09-11,74.57098109408211
2017-09-12,74.44556621235066
2017-09-13,74.64634490544735
2017-09-14,74.85199412495763
2017-09-15,74.93459425788551
2017-09-18,76.07178174626259
2017-09-19,75.77190140030089
2017-09-20,75.85718415727088
2017-09-21,76.02137279079327
2017-09-22,76.37027871074184
2017-09-25,76.57355788979521
2017-09-26,76.99366526552603
2017-09-27,76.43807939149038
2017-09-28,76.50008934421346
2017-09-29,76.62450026851245
2017-10-02,76.5234093637455
2017-10-03,76.53628935352079
2017-10-04,76.62694830595173
2017-10-05,76.40927104599496
2017-10-06,75.72497772497772
2017-10-09,75.86364174860798
2017-10-10,75.2541384938214
2017-10-11,75.32920126301018
2017-10-12,75.1715714784227
2017-10-13,75.04935634705305
2017-10-16,75.04146032477254
2017-10-17,75.59865787614787
2017-10-18,75.38574707232391
2017-10-19,74.77932636469222
2017-10-20,75.25383846108595
2017-10-23,75.25387870239776
2017-10-24,75.33187669776781
2017-10-25,75.45121446723007
2017-10-26,75.31011647844853
2017-10-27,75.96952494771436
2017-10-30,75.91447799416355
2017-10-31,76.14106639477
2017-11-01,74.6916325336454
2017-11-02,74.70495442860482
2017-11-03,75.36444708680143
2017-11-06,74.95585118907464
2017-11-07,74.92627621453329
2017-11-08,74.9046813968402
2017-11-09,75.71200944231337
2017-11-10,75.29408315252448
2017-11-13,75.10773204955086
2017-11-14,75.19228507585558
2017-11-15,75.13662807780455
2017-11-16,74.99531341534856
2017-11-17,75.24602618045816
2017-11-20,75.59122714176515
2017-11-21,75.40041188584878
2017-11-22,75.38866467801368
2017-11-23,75.49435771502075
2017-11-24,75.6107295885426
2017-11-27,75.8727368606082
2017-11-28,76.75065212236188
2017-11-29,77.13985594237695
2017-11-30,78.14386994254981
2017-12-01,78.00183654729109
2017-12-04,78.3785112791198
2017-12-05,78.61391066318278
2017-12-06,79.2458625877633
2017-12-07,79.35706594033064
2017-12-08,79.07068145800316
2017-12-11,79.0586967545639
2017-12-12,79.06975257336488
2017-12-13,79.07006208032435
2017-12-14,78.96723377441714
2017-12-15,78.35893593106032
2017-12-18,78.27075588599752
2017-12-19,78.31501148996958
2017-12-20,78.11271783463108
2017-12-21,78.13175279372724
2017-12-22,77.91036551766364
2017-12-25,77.90818509688856
2017-12-26,77.7199151257957
2017-12-27,77.04733373277412
2017-12-28,77.0009522675872
2017-12-29,76.90300489993507
2018-01-01,76.9523865784499
2018-01-02,76.60790380012841
2018-01-03,76.61797229658946
2018-01-04,76.47191792731698
2018-01-05,76.60084790057495
2018-01-08,76.97572645582915
2018-01-09,77.38540499085599
2018-01-10,77.48060648801129
2018-01-11,77.8998584571833
2018-01-12,77.75154843987379
2018-01-15,77.29600369067528
2018-01-16,77.93286631640397
2018-01-17,78.18591582274777
2018-01-18,78.23709459061746
2018-01-19,78.44592209014947
2018-01-22,78.38258621702603
2018-01-23,78.97939909096276
2018-01-24,77.85669064748201
2018-01-25,77.54198560493545
2018-01-26,77.85948747480565
2018-01-29,78.02469854954272
2018-01-30,78.09465595529164
2018-01-31,77.75254865616311
2018-02-01,78.22527985074626
2018-02-02,79.4360138606763
2018-02-05,79.4424278488545
2018-02-06,79.8005047470256
2018-02-07,80.46919748948875
2018-02-08,80.39138943248531
2018-02-09,80.9027136791582
2018-02-12,80.2253999030538
2018-02-13,80.22955176996497
2018-02-14,80.317545427465
2018-02-15,81.06697071531445
2018-02-16,80.70603643290869
2018-02-19,80.78319750719079
2018-02-20,80.68370915229713
2018-02-21,80.02285851780559
2018-02-22,79.95545120703149
2018-02-23,80.41946613401124
2018-02-26,80.3189821514713
2018-02-27,80.49318584611623
2018-02-28,80.169656430526
2018-03-01,80.32976498092776
2018-03-02,80.22728653904589
2018-03-05,80.59458470545188
2018-03-06,79.50339003211609
2018-03-07,80.44073961806608
2018-03-08,80.21576612167993
2018-03-09,79.56639566395664
2018-03-12,79.9781606406212
2018-03-13,79.97346840328026
2018-03-14,80.12527233115468
2018-03-15,80.24370925485896
2018-03-16,80.76364977865224
2018-03-19,80.70777512693459
2018-03-20,81.11639982691476
2018-03-21,80.45482147194559
2018-03-22,81.12808604253237
2018-03-23,81.40047064502504
2018-03-26,81.04904306220097
2018-03-27,81.22618111427016
2018-03-28,81.63420777784603
2018-03-29,81.1100894936864
2018-03-30,81.02151852304682
2018-04-02,80.70670525808008
2018-04-03,81.23407109322602
2018-04-04,81.96498771498771
2018-04-05,80.95363186511089
2018-04-06,81.29744904186502
2018-04-09,81.059703307393
2018-04-10,80.70291777188329
2018-04-11,81.09172126265635
2018-04-12,81.02089009990917
2018-04-13,80.83348356468963
2018-04-16,80.64659043285637
2018-04-17,80.26337792642141
2018-04-18,78.47687122268714
2018-04-19,78.12329006344956
2018-04-20,77.88242142025611
2018-04-23,79.5417368294443
2018-04-24,79.54273401963133
2018-04-25,79.81271145480909
2018-04-26,79.92653309046753
2018-04-27,80.30560787411143
2018-04-30,80.533341497765
2018-05-01,81.04332174776565
2018-05-02,79.70604378849791
2018-05-03,80.01218100980572
2018-05-04,79.80099805258034
2018-05-07,79.7142683814608
2018-05-08,79.92073170731709
2018-05-09,79.4309729697043
2018-05-10,78.95587618990601
2018-05-11,78.99904386279431
2018-05-14,79.28545673076923
2018-05-15,79.49477566072527
2018-05-16,79.12197815682906
2018-05-17,78.3022422069636
2018-05-18,78.68084328540093
2018-05-21,78.28819528783094
2018-05-22,77.97249200699764
2018-05-23,78.81056999877946
2018-05-24,78.48311563233612
2018-05-25,78.88250589586987
2018-05-28,78.88814630293457
2018-05-29,79.49105998657471
2018-05-30,78.83334340808803
2018-05-31,78.89158379820518
2018-06-01,78.76974483596597
2018-06-04,78.74117360603846
2018-06-05,78.68301268434789
2018-06-06,77.71539611360238
2018-06-07,77.02866298735981
2018-06-08,77.50984839441327
2018-06-11,76.94181646168401
2018-06-12,76.78877907320827
2018-06-13,76.54043532118209
2018-06-14,75.81991513108179
2018-06-15,77.13207774960763
2018-06-18,77.64441474822328
2018-06-19,77.9617406185063
2018-06-20,78.06101819518472
2018-06-21,77.73627721557804
2018-06-22,77.37785910338518
2018-06-25,77.61887254901961
2018-06-26,77.43429132891183
2018-06-27,77.59821815257068
2018-06-28,78.2231120565601
2018-06-29,77.66927083333334
2018-07-02,78.44707960136243
2018-07-03,78.42279365871927
2018-07-04,78.23305929247633
2018-07-05,78.41803329799838
2018-07-06,78.52285535378834
2018-07-09,78.3045477137177
2018-07-10,78.11135303265942
2018-07-11,78.7713978902154
2018-07-12,78.10281134556384
2018-07-13,78.42457536149523
2018-07-16,78.69341629102914
2018-07-17,78.68076923076924
2018-07-18,79.23022233712513
2018-07-19,79.64973156998822
2018-07-20,79.40370824988695
2018-07-23,79.56036106240666
2018-07-24,79.05204701020277
2018-07-25,79.06428985134178
2018-07-26,79.32971014492753
2018-07-27,79.03215413364263
2018-07-30,78.92394039094253
2018-07-31,78.64854443801812
2018-08-01,79.07044628956928
2018-08-02,78.92782834850455
2018-08-03,78.5707833268809
2018-08-06,78.89598540145985
2018-08-07,78.78996620743438
2018-08-08,78.77254672136486
2018-08-09,78.66623460790667
2018-08-10,79.14119644723093
2018-08-13,79.40961615088325
2018-08-14,79.48844007440871
2018-08-15,81.49754104038234
2018-08-16,79.81526593585059
2018-08-17,80.33278777959629
2018-08-20,80.87104689203925
2018-08-21,80.62296637744033
2018-08-22,81.11706456863809
2018-08-23,81.5345584201865
2018-08-24,81.3382699427802
2018-08-27,81.33844498251277
2018-08-28,81.33580080753703
2018-08-29,81.8349870871279
2018-08-30,82.42474226804123
2018-08-31,82.70722800248053
2018-09-03,82.76881720430107
2018-09-04,84.56035767511177
2018-09-05,84.27857193155411
2018-09-06,84.6820686731666
2018-09-07,84.28309859154929
2018-09-10,84.4599745870394
2018-09-11,84.82193530079456
2018-09-12,84.69883761887988
2018-09-13,84.60894640596428
2018-09-14,84.72782614850995
2018-09-17,84.71189067342914
2018-09-18,84.56943366951124
2018-09-19,84.4000280524581
2018-09-20,84.64032065255608
2018-09-21,83.55291652113168
2018-09-24,83.77170350742625
2018-09-25,82.86837748344371
2018-09-26,83.1190426494121
2018-09-27,83.12412243751756
2018-09-28,81.33756223995636
2018-10-01,82.23652342398451
2018-10-02,81.85996055226825
2018-10-03,81.63244199496496
2018-10-04,82.23507667031762
2018-10-05,82.26712328767123
2018-10-08,83.09412012054104
2018-10-09,82.6215953307393
2018-10-10,83.22138259165968
2018-10-11,83.6172255365837
2018-10-12,83.64035388519306
2018-10-15,83.47811310494835
2018-10-16,83.52261135668141
2018-10-17,83.5684110111747
2018-10-18,84.0750871914108
2018-10-19,83.9410114281804
2018-10-22,83.90671154770901
2018-10-23,83.62711864406779
2018-10-24,83.65629468237218
2018-10-25,84.11273772061841
2018-10-26,84.18364574843793
2018-10-29,84.238170238992
2018-10-30,84.746642669251
2018-10-31,84.9940621725463
2018-11-01,83.81990327634358
2018-11-02,83.21597513177457
2018-11-05,84.07538923791314
2018-11-06,84.4407781673197
2018-11-07,84.18872582636126
2018-11-08,84.73385477953902
2018-11-09,85.62005649717514
2018-11-12,85.74592323577585
2018-11-13,85.67146112218741
2018-11-14,85.47446293925167
2018-11-15,85.47900817131587
2018-11-16,84.9947782496693
2018-11-19,84.80715871254161
2018-11-20,85.43054682589566
2018-11-21,84.60609823399558
2018-11-22,84.75624913685955
2018-11-23,85.63095238095238
2018-11-26,85.69406488683343
2018-11-27,85.7703714164666
2018-11-28,85.64437539721771
2018-11-29,85.61087866108787
2018-11-30,86.51235444476002
2018-12-03,85.19043340015207
2018-12-04,84.9255982993897
2018-12-05,85.3704981371602
2018-12-06,85.93025669411196
2018-12-07,85.4615965405999
2018-12-10,85.67389060887513
2018-12-11,85.17635778371344
2018-12-12,84.50987042941456
2018-12-13,84.36104513064133
2018-12-14,84.92682926829268
2018-12-17,84.98426597345738
2018-12-18,85.13216310361315
2018-12-19,85.00846940849651
2018-12-20,85.3515386183004
2018-12-21,85.76944028326297
2018-12-24,85.90023752969121
2018-12-25,85.96288017340649
2018-12-26,84.68596793427852
2018-12-27,83.8145956607495
2018-12-28,83.55186613504151
2018-12-31,83.1819658286234
2019-01-01,82.72258064516129
2019-01-02,82.73212791969628
2019-01-03,82.52512321577161
2019-01-04,81.76643080257539
2019-01-07,82.12227463980621
2019-01-08,82.2450547340119
2019-01-09,82.29067023786749
2019-01-10,82.35012449722275
2019-01-11,82.51470964441035
2019-01-14,82.73695010901629
2019-01-15,82.75209949355727
2019-01-16,82.97337183188964
2019-01-17,83.39428792969758
2019-01-18,83.24534665023671
2019-01-21,83.75809511349513
2019-01-22,83.71053147676014
2019-01-23,83.77066318196667
2019-01-24,83.6716047771324
2019-01-25,82.93467143952954
2019-01-28,82.96312806470101
2019-01-29,82.69716088328076
2019-01-30,82.30928481806775
2019-01-31,81.94943611352087
2019-02-01,82.55197895791584
2019-02-04,82.67149150409062
2019-02-05,82.89677785484584
2019-02-06,83.31153577550631
2019-02-07,83.44574780058652
2019-02-08,83.43474118767864
2019-02-11,83.27923111195977
2019-02-12,83.49929873772791
2019-02-13,83.67322258290369
2019-02-14,84.19222115075537
2019-02-15,84.32163705176727
2019-02-18,83.93085544228455
2019-02-19,83.98142337140706
2019-02-20,83.57031881175813
2019-02-21,83.81285004090365
2019-02-22,83.5251979389217
2019-02-25,83.52394118386327
2019-02-26,83.62759924385634
2019-02-27,83.94367983763557
2019-02-28,84.03295861011752
2019-03-01,84.94436853406208
2019-03-04,85.29021558872306
2019-03-05,84.85198889916744
2019-03-06,85.35287874767843
2019-03-07,85.53975006647167
2019-03-08,84.63199791204488
2019-03-11,84.59434702957341
2019-03-12,84.39659098301998
2019-03-13,84.54915648632925
2019-03-14,85.28904398209112
2019-03-15,85.10753742563902
2019-03-18,84.99217833398514
2019-03-19,85.0221037576388
2019-03-20,85.00392208131782
2019-03-21,84.68523784901758
2019-03-22,85.28082592039479
2019-03-25,84.95500128567755
2019-03-26,85.16200103680663
2019-03-27,85.71531272465852
2019-03-28,85.78266064790229
2019-03-29,85.53178847296493
2019-04-01,85.24702774108323
2019-04-02,85.58975719782407
2019-04-03,85.40875091017409
2019-04-04,85.39155228433128
2019-04-05,85.36403276955602
2019-04-08,85.23975302154493
2019-04-09,85.38044188782848
2019-04-10,85.76918032786885
2019-04-11,86.25632827071676
2019-04-12,86.04037577453528
2019-04-15,85.95292077887437
2019-04-16,85.13982513515317
2019-04-17,85.19320764808128
2019-04-18,84.92966197746516
2019-04-22,84.952
2019-04-23,85.83586421002902
2019-04-24,85.26934116547628
2019-04-25,85.49461574476624
2019-04-26,85.48187972919155
2019-04-29,85.81996375109082
2019-04-30,85.93854599009238
2019-05-01,87.03150461705594
2019-05-02,86.94543216630197
2019-05-03,85.75462590506838
2019-05-06,86.00940228341169
2019-05-07,86.24177300201478
2019-05-08,86.3036303630363
2019-05-09,87.03568284921118
2019-05-10,87.08060266198231
2019-05-13,87.89651903020453
2019-05-14,87.49577559986481
2019-05-15,87.55741691434747
2019-05-16,88.26591580248609
2019-05-17,88.4982674982675
2019-05-20,88.35074368730542
2019-05-21,88.19056852018558
2019-05-22,88.0750914486852
2019-05-23,87.8194975423266
2019-05-24,88.10677279901186
2019-05-27,88.13841827285822
2019-05-28,89.1837445977973
2019-05-29,88.78173642338291
2019-05-30,88.68301418928226
2019-05-31,89.2888004937933
2019-06-03,89.5013906790584
2019-06-04,89.58609944451972
2019-06-05,89.75543845426293
2019-06-06,89.8590130916415
2019-06-07,89.19041278295607
2019-06-10,90.28140293637847
2019-06-11,89.88000813504169
2019-06-12,90.20398514015535
2019-06-13,89.9905920301055
2019-06-14,90.50355370792543
2019-06-17,90.19103995694874
2019-06-18,89.86510851419033
2019-06-19,89.79967948717947
2019-06-20,89.99220627394946
2019-06-21,91.34230819500719
2019-06-24,91.78483313855344
2019-06-25,92.54287748365802
2019-06-26,92.20902922755742
2019-06-27,92.60752157017717
2019-06-28,92.19790986283475
2019-07-01,91.36976392450845
2019-07-02,92.16166524394248
2019-07-03,92.67433501078361
2019-07-04,92.66592485927477
2019-07-05,93.14550546812482
2019-07-08,92.7884231536926
2019-07-09,92.58346581875995
2019-07-10,92.84688837668753
2019-07-11,92.95767230597063
2019-07-12,92.892861855126
2019-07-15,92.16350231617406
2019-07-16,90.1045407901488
2019-07-17,89.46392659627953
2019-07-18,88.22174181593576
2019-07-19,88.03632095867565
2019-07-22,87.10113046135045
2019-07-23,86.47026532479416
2019-07-24,85.92755544840888
2019-07-25,86.23521521765637
2019-07-26,86.56720971383245
2019-07-29,86.58055081647575
2019-07-30,86.49945474372956
2019-07-31,87.06517100530392
2019-08-01,87.70865605056076
2019-08-02,88.80095776031435
2019-08-05,89.48291669213373
2019-08-06,89.43206720233748
2019-08-07,88.15655531504125
2019-08-08,88.39197166469893
2019-08-09,88.43764705882353
2019-08-12,88.20508315764816
2019-08-13,88.31736139690751
2019-08-14,88.11588307084325
2019-08-15,88.26726935558646
2019-08-16,88.48564579313569
2019-08-19,88.68026323590442
2019-08-20,87.85926660059465
2019-08-21,87.80388031790557
2019-08-22,87.9468060122123
2019-08-23,87.67212173413724
2019-08-26,86.49034377300788
2019-08-27,84.80347424550602
2019-08-28,83.87529296342726
2019-08-29,83.66544339157583
2019-08-30,82.77414788195578
2019-09-02,82.84917109112581
2019-09-03,80.34434403240884
2019-09-04,79.25664981875734
2019-09-05,81.48168016737301
2019-09-06,82.9298767062968
2019-09-09,83.28129340518919
2019-09-10,82.5625208402801
2019-09-11,82.66427388183324
2019-09-12,82.86496047758553
2019-09-13,85.36736449670205
2019-09-16,83.97489070731982
2019-09-17,83.36924529349697
2019-09-18,84.17953341598107
2019-09-19,84.30146231721035
2019-09-20,84.35292809076246
2019-09-23,81.70101986044016
2019-09-24,82.35939348317024
2019-09-25,84.01206636500754
2019-09-26,84.46334343774559
2019-09-27,85.38360618333239
2019-09-30,86.6802072294831
2019-10-01,85.85800534076397
2019-10-02,85.43076923076923
2019-10-03,85.75726495726495
2019-10-04,85.78572243129204
2019-10-07,85.68190946124275
2019-10-08,84.93821587767307
2019-10-09,84.93680884676145
2019-10-10,85.34335009140767
2019-10-11,84.92727169014888
2019-10-14,84.61181004193584
2019-10-15,85.08733624454148
2019-10-16,85.67534931861309
2019-10-17,85.05159929300416
2019-10-18,84.92846149461325
2019-10-21,84.57352857387043
2019-10-22,84.9386170273511
2019-10-23,85.04645727640654
2019-10-24,84.48483146067414
2019-10-25,83.44315030504714
2019-10-28,83.65236893748248
2019-10-29,83.60901832902282
2019-10-30,83.781300767464
2019-10-31,83.59610813201394
2019-11-01,83.56456953642385
2019-11-04,83.65213054801352
2019-11-05,84.43622289259491
2019-11-06,84.55324218528395
2019-11-07,85.8772955901275
2019-11-08,86.81563913353963
2019-11-11,86.39741230933586
2019-11-12,86.88365155131264
2019-11-13,86.26171529619806
2019-11-14,86.44242068155111
2019-11-15,86.59588273461924
2019-11-18,86.3676919464663
2019-11-19,85.89405518931218
2019-11-20,85.8444664838691
2019-11-21,85.65929565929565
2019-11-22,85.92640489066541
2019-11-25,86.2031990521327
2019-11-26,85.61727310013477
2019-11-27,85.7785773268845
2019-11-28,86.33013957889756
2019-11-29,86.07126058325495
2019-12-02,86.51579694710685
2019-12-03,86.08401794558061
2019-12-04,87.52463492817286
2019-12-05,87.03485286312437
2019-12-06,88.12820667592202
2019-12-09,88.0651964328754
2019-12-10,87.91594115881117
2019-12-11,87.50548863703791
2019-12-12,86.86388084402152
2019-12-13,87.22921467824855
2019-12-16,86.67234292425131
2019-12-17,86.82253985059701
2019-12-18,86.74369377315223
2019-12-19,86.7039990618037
2019-12-20,86.19327437747266
2019-12-23,85.17112881958379
2019-12-24,84.4117315919838
2019-12-26,84.49127906976744
2019-12-27,85.0551863948643
2019-12-30,84.54768681288019
2019-12-31,85.03699136868065
2020-01-02,84.8867421718854
2020-01-03,85.98614958448753
2020-01-06,86.29643920185205
2020-01-07,85.57403783431181
2020-01-08,86.01448073840712
2020-01-09,86.7521797451375
2020-01-10,86.28500414250207
2020-01-13,86.22451253481894
2020-01-14,86.90159051312314
2020-01-15,86.47882627542513
2020-01-16,86.56443428316511
2020-01-17,86.35627530364373
2020-01-20,86.42485325063684
2020-01-21,87.63752953088087
2020-01-22,87.41615255187887
2020-01-23,87.84654300168634
2020-01-24,86.86456605859591
2020-01-27,87.44665561083472
2020-01-28,89.73886152788913
2020-01-29,89.84443558037496
2020-01-30,88.28547392035895
2020-01-31,88.11678589253036
2020-02-03,89.21174739701222
2020-02-04,88.30082456639181
2020-02-05,88.39668200670417
2020-02-06,87.94195250659631
2020-02-07,88.76208241478719
2020-02-10,88.52846764656191
2020-02-11,88.88926688212281
2020-02-12,89.59832923270585
2020-02-13,89.33896479392256
2020-02-14,89.3299870283684
2020-02-17,88.94739803094234
2020-02-18,88.17155756207676
2020-02-19,87.47964390402778
2020-02-20,88.22237960339943
2020-02-21,88.92580767357542
2020-02-24,89.08617449664429
2020-02-25,90.88832064039134
2020-02-26,91.60962536988441
2020-02-27,92.58992400788065
2020-02-28,95.19903932752926
2020-03-02,95.02481315396112
2020-03-03,95.34255331512581
2020-03-04,95.12844356619784
2020-03-05,95.9586800573888
2020-03-06,96.53247202676202
2020-03-09,98.80166990062914
2020-03-10,97.68123667377398
2020-03-11,97.63451776649747
2020-03-12,99.67113584619277
2020-03-13,103.9820542451227
2020-03-16,117.35136811099915
2020-03-17,121.23363744545816
2020-03-18,124.12496867429623
2020-03-19,121.49818301949124
2020-03-20,118.86253668596812
2020-03-23,117.17012448132779
2020-03-24,114.36970079181557
2020-03-25,111.7620627678695
2020-03-26,113.3085579327591
2020-03-27,112.60271130170148
2020-03-30,115.18778842740504
2020-03-31,112.78640429338104
2020-04-01,114.10941201809176
2020-04-02,111.51720326101974
2020-04-03,112.76432943795214
2020-04-06,110.93602290127154
2020-04-07,110.29343269678621
2020-04-08,110.23983385810946
2020-04-09,109.16034493937624
2020-04-13,111.3398247322298
2020-04-14,110.88701365627416
2020-04-15,111.09615633492947
2020-04-16,110.90269258087427
2020-04-17,110.93552215189874
2020-04-20,110.76631606454563
2020-04-21,113.33266115480271
2020-04-22,113.60310200835157
2020-04-23,113.50344375204985
2020-04-24,113.45119391235896
2020-04-27,112.76005000328969
2020-04-28,113.12466808284651
2020-04-29,112.08033494701034
2020-04-30,112.7239304812834
2020-05-01,113.60125609674617
2020-05-04,115.24377031419284
2020-05-05,114.06780794436271
2020-05-06,113.55925352017786
2020-05-07,111.88771517996871
2020-05-08,110.04071871768356
2020-05-11,109.67700258397932
2020-05-12,110.27592460651596
2020-05-13,110.21321687752875
2020-05-14,109.06827207968229
2020-05-15,105.02499849406662
2020-05-18,102.17032318943147
2020-05-19,100.62860438292965
2020-05-20,100.89336178557012
2020-05-21,100.99719265411159
2020-05-22,100.82718130558624
2020-05-25,101.05906432748536
2020-05-26,99.87912408759125
2020-05-27,99.09101449275362
2020-05-28,98.96780139392892
2020-05-29,96.89292114695338
2020-06-01,95.0855518504346
2020-06-02,95.66729427400598
2020-06-03,96.33374900804898
2020-06-04,96.82277837410315
2020-06-05,96.80609020396437
2020-06-08,95.6079711776627
2020-06-09,97.87605569504679
2020-06-10,96.03126380910297
2020-06-11,97.9225711370593
2020-06-12,98.99325020020592
2020-06-15,99.29258044091405
2020-06-16,98.94996274431135
2020-06-17,98.70248642469276
2020-06-18,99.16422034190985
2020-06-19,98.99063298325292
2020-06-22,99.1006665913456
2020-06-23,98.59269584611096
2020-06-24,100.68149333943171
2020-06-25,99.11987860394538
2020-06-26,99.52461227242078
2020-06-29,99.32037203047962
2020-06-30,97.86283453316481
2020-07-01,98.3190756582602
2020-07-02,98.9151390204491
2020-07-03,98.40188470066519
2020-07-06,97.71286207085363
2020-07-07,98.27027323002793
2020-07-08,96.67236771779797
2020-07-09,96.74373692398478
2020-07-10,96.12773917691074
2020-07-13,94.55074744295828
2020-07-14,94.20024992189941
2020-07-15,93.27253053022106
2020-07-16,93.85824715345241
2020-07-17,93.71382719884039
2020-07-20,91.34686903206352
2020-07-21,86.49196956889264
2020-07-22,81.40868354650657
2020-07-23,83.58237378210806
2020-07-24,83.56872912638426
2020-07-27,79.01741394743266
2020-07-28,80.2836995736307
2020-07-29,81.09963372978312
2020-07-30,83.29742847411444
2020-07-31,81.04147011772427
2020-08-03,81.38452037875669
2020-08-04,77.66887213417449
2020-08-05,75.62321421945155
2020-08-06,71.43939866292563
2020-08-07,71.9861307670535
2020-08-10,69.68031349902031
2020-08-11,77.2011308562197
2020-08-12,75.20271596216492
2020-08-13,71.03793141069934
2020-08-14,73.6153904415663
2020-08-17,72.24608663997088
2020-08-18,72.37131289762868
2020-08-19,72.32298229822982
2020-08-20,71.56567142226797
2020-08-21,72.55932076600837
2020-08-24,72.49605292835125
2020-08-25,72.69650803227997
2020-08-26,71.11353711790393
2020-08-27,71.49092256391256
2020-08-28,71.50853565318677
2020-08-31,70.00320250507063
2020-09-01,70.08104165925504
2020-09-02,70.79651501895596
2020-09-03,72.66809728183118
2020-09-04,71.90867172393277
2020-09-07,71.84053651266767
2020-09-08,72.49187220783121
2020-09-09,72.19213649851632
2020-09-10,72.4466659220373
2020-09-11,72.68821435263257
2020-09-14,72.1425146608638
2020-09-15,72.05346607669615
2020-09-16,72.22877793347593
2020-09-17,71.97851851851853
2020-09-18,72.90126042562741
2020-09-21,77.39271255060729
2020-09-22,78.03154781465658
2020-09-23,81.89617582417583
2020-09-24,80.82311188054533
2020-09-25,81.4246653250503
2020-09-28,79.50756551141166
2020-09-29,78.51113134155425
2020-09-30,81.22324159021407
2020-10-01,80.1657551535549
2020-10-02,80.15449248437763
2020-10-05,78.58263834682224
2020-10-06,81.46767895878524
2020-10-07,79.32730712634013
2020-10-08,79.49913934254167
2020-10-09,76.8161843728854
2020-10-12,76.66246610304674
2020-10-13,78.41911002363871
2020-10-14,78.43115254516954
2020-10-15,78.62396472866621
2020-10-16,78.77331176372988
2020-10-19,78.11351794871796
2020-10-20,77.47673048002277
2020-10-21,76.84867606533807
2020-10-22,77.09633529054464
2020-10-23,77.40684039087948
2020-10-26,78.4428494823248
2020-10-27,78.31279504125446
2020-10-28,80.37739890335845
2020-10-29,80.33287447302762
2020-10-30,79.47673631672447
2020-11-02,78.7688598861133
2020-11-03,78.90225253151478
2020-11-04,79.65634026876543
2020-11-05,76.98175067151209
2020-11-06,76.23227823368504
2020-11-09,77.39631815159574
2020-11-10,77.5141476310463
2020-11-11,76.85903247074336
2020-11-12,77.34715410295512
2020-11-13,76.61300133825378
2020-11-16,76.33853492884863
2020-11-17,76.85532071460693
2020-11-18,76.95248273594213
2020-11-19,77.70888870376541
2020-11-20,77.4689635181581
2020-11-23,77.9480271531608
2020-11-24,77.68582606078844
2020-11-25,77.475353621946
2020-11-26,77.64368457182084
2020-11-27,78.75699986771905
2020-11-30,78.54553492484527
2020-12-01,75.65631513130471
2020-12-02,76.08322248087795
2020-12-03,76.53527919837013
2020-12-04,76.09840205332009
2020-12-07,76.10132788559754
2020-12-08,76.20640482398957
2020-12-09,76.83375104427736
2020-12-10,76.54620482681005
2020-12-11,76.84307255336034
2020-12-14,76.67967602501155
2020-12-15,75.69899938738003
2020-12-16,73.64918239987361
2020-12-17,72.36565330876708
2020-12-18,72.91190263943258
2020-12-21,71.7408256880734
2020-12-22,73.90435715136832
2020-12-23,73.34873883753721
2020-12-24,72.84479417009071
2020-12-28,71.42279832253145
2020-12-29,71.75150959260108
2020-12-30,71.0921373616063
2020-12-31,71.94844579226687
2021-01-04,71.40095553105475
2021-01-05,70.82579473206177
2021-01-06,70.36823184152604
2021-01-07,70.53345622119815
2021-01-08,72.72673617942161
2021-01-11,74.11532893678623
2021-01-12,72.62159304511277
2021-01-13,73.20734126984128
2021-01-14,72.45513424399435
2021-01-15,73.82640655923099
2021-01-18,73.65524153136901
2021-01-19,73.0079365079365
2021-01-20,72.5405929083511
2021-01-21,72.17862106238418
2021-01-22,72.84364692948013
2021-01-25,73.26568484226318
2021-01-26,72.72698687210125
2021-01-27,73.0392584082716
2021-01-28,69.57420694864048
2021-01-29,68.44845093388675
2021-02-01,64.17511902297662
2021-02-02,68.89030516607933
2021-02-03,68.24104052696215
2021-02-04,68.12084615092476
2021-02-05,67.46760395744998
2021-02-08,67.11771177117711
2021-02-09,67.48641304347827
2021-02-10,68.23803880906532
2021-02-11,67.7012240356083
2021-02-12,66.70781215712091
2021-02-15,65.96379860708068
2021-02-16,65.9747784845031
2021-02-17,64.96616802604147
2021-02-18,65.75772165024813
2021-02-19,65.45896466962614
2021-02-22,64.32253706403101
2021-02-23,65.28082167010234
2021-02-24,64.61353954104464
2021-02-25,64.5884821721835
2021-02-26,65.00862586258626
2021-03-01,64.93647147429863
2021-03-02,64.99626028421841
2021-03-03,65.61334867663982
2021-03-04,66.97707272799022
2021-03-05,67.35779380299549
2021-03-08,67.0064911791645
2021-03-09,66.18307359975313
2021-03-10,65.89953048058938
2021-03-11,65.95652840016852
2021-03-12,66.65980774427673
2021-03-15,66.00221205186881
2021-03-16,66.67899522268455
2021-03-17,66.62543379347575
2021-03-18,66.15375797638607
2021-03-19,66.38414634146342
2021-03-22,67.65653306379505
2021-03-23,68.59117448464869
2021-03-24,68.78763835442535
2021-03-25,69.14699527886692
2021-03-26,69.2123246613116
2021-03-29,69.43831893229483
2021-03-30,69.87023691186216
2021-03-31,70.27871552079044
2021-04-01,69.34689704939063
2021-04-02,69.30329511745369
2021-04-05,69.49201753327704
2021-04-06,69.30165798576597
2021-04-07,69.16829239160727
2021-04-08,69.01682919156968
2021-04-09,69.07455532226756
2021-04-12,69.90800516462234
2021-04-13,68.92527351001225
2021-04-14,68.3177614231178
2021-04-15,68.26539697286417
2021-04-16,68.4395731401934
2021-04-19,68.62858914248072
2021-04-20,68.85895698633318
2021-04-21,67.59772324625881
2021-04-22,68.2587064676617
2021-04-23,68.33915518965915
2021-04-26,67.98209787006641
2021-04-27,67.6926007772613
2021-04-28,68.077893288488
2021-04-29,67.90464144724234
2021-04-30,68.31267137836481
2021-05-03,66.66220437304776
2021-05-04,67.13072364199162
2021-05-05,67.51375661375661
2021-05-06,66.54836107648309
2021-05-07,66.77585263541857
2021-05-10,67.24914825805034
2021-05-11,66.51694669756662
2021-05-12,67.19865245076262
2021-05-13,67.44469475938989
2021-05-14,67.23582427205722
2021-05-17,66.30550621669627
2021-05-18,66.353463272624
2021-05-19,67.46661854926019
2021-05-20,67.6595054430106
2021-05-21,68.3088181884216
2021-05-24,67.76216216216217
2021-05-25,67.87366840637735
2021-05-26,68.53518377968123
2021-05-27,68.15240833932423
2021-05-28,68.17041547277937
2021-05-31,68.05954165774256
2021-06-01,68.17682095443128
2021-06-02,67.77030195381883
2021-06-03,68.2134052950186
2021-06-04,68.12918918918919
2021-06-07,68.16729492012206
2021-06-08,68.54534917415242
2021-06-09,68.03029757187117
2021-06-10,67.85170885170885
2021-06-11,67.31445480631278
2021-06-14,67.01867816091954
2021-06-15,67.20416500958098
2021-06-16,67.16290968411685
2021-06-17,68.4860585463814
2021-06-18,68.3825308211212
2021-06-21,68.74571042992096
2021-06-22,69.04068638869478
2021-06-23,68.74758407421724
2021-06-24,68.459194692996
2021-06-25,68.30017251293846
2021-06-28,68.1487159831353
2021-06-29,68.41970703656214
2021-06-30,67.78621217924167
2021-07-01,68.29944262925235
2021-07-02,67.52353230257438
2021-07-05,67.73022833812188
2021-07-06,68.79424151925875
2021-07-07,69.03219385216093
2021-07-08,69.59073359073359
2021-07-09,69.39968525697616
2021-07-12,68.94734832576076
2021-07-13,69.59380895545374
2021-07-14,69.61972260326169
2021-07-15,69.47884220922282
2021-07-16,70.61418550272798
2021-07-19,72.01557780956922
2021-07-20,72.62446343322502
2021-07-21,71.4254366855468
2021-07-22,71.07517998347693
2021-07-23,71.60718543835944
2021-07-26,71.39747358385635
2021-07-27,72.91001216051885
2021-07-28,72.44707297514033
2021-07-29,71.69870537465673
2021-07-30,71.20995603015075
2021-08-02,71.39192913385827
2021-08-03,70.95559126719711
2021-08-04,71.40554176027749
2021-08-05,71.74765388897725
2021-08-06,72.48386168331895
2021-08-09,73.79965015572337
2021-08-10,74.09523401337219
2021-08-11,74.41687555763266
2021-08-12,75.64412412066808
2021-08-13,74.96524706179704
2021-08-16,74.99895094624648
2021-08-17,75.52285508901011
2021-08-18,76.07430103408656
2021-08-19,76.5953876602702
2021-08-20,77.37921445950644
2021-08-23,76.44112291993055
2021-08-24,75.58383296297849
2021-08-25,75.14791657924552
2021-08-26,76.08957758437698
2021-08-27,75.67538307794804
2021-08-30,75.34296179139267
2021-08-31,75.92823647630213
2021-09-01,75.1626538477477
2021-09-02,75.72839506172839
2021-09-03,73.9735286974824
2021-09-06,73.88936170212766
2021-09-07,73.80599777860051
2021-09-08,74.75181749811982
2021-09-09,74.67457344985435
2021-09-10,75.31094632173253
2021-09-13,75.58917734322318
2021-09-14,75.66402482492556
2021-09-15,75.26684568263825
2021-09-16,76.58732585054811
2021-09-17,78.39955307262571
2021-09-20,79.24573225516622
2021-09-21,78.9060345977676
2021-09-22,77.93484968703164
2021-09-23,77.43900813224903
2021-09-24,78.09870153049842
2021-09-27,77.37244672384827
2021-09-28,77.24583444711752
2021-09-29,80.20117078609924
2021-09-30,79.27082393285805
2021-10-01,78.15837365173776
2021-10-04,78.0469301340861
2021-10-05,77.80169746264698
2021-10-06,77.94340039796596
2021-10-07,77.70681184437659
2021-10-08,77.51268363700534
2021-10-11,77.70689349636719
2021-10-12,78.04460603910788
2021-10-13,77.66841398431747
2021-10-14,76.37983836665248
2021-10-15,75.85708154506437
2021-10-18,76.12086442651943
2021-10-19,74.78293951050429
2021-10-20,73.38687093320155
2021-10-21,73.83210469643005
2021-10-22,73.72599021099823
2021-10-25,73.60153100696282
2021-10-26,74.24010270001656
2021-10-27,74.69443751558993
2021-10-28,74.73347459387594
2021-10-29,74.63399321977148
2021-11-01,74.60495111296026
2021-11-02,75.98121307434012
2021-11-03,75.27627717044537
2021-11-04,75.33380980408644
2021-11-05,75.28819875776398
2021-11-08,74.5670482420278
2021-11-09,75.39224563714193
2021-11-10,75.09237078241098
2021-11-11,73.74975244583516
2021-11-12,73.6822348664454
2021-11-15,74.34997804654134
2021-11-16,74.54398968739929
2021-11-17,74.4668208645717
2021-11-18,74.96672716273441
2021-11-19,74.99959362808842
2021-11-22,74.65290418666225
2021-11-23,75.64844179457904
2021-11-24,75.97901355197756
2021-11-25,75.81754207469584
2021-11-26,77.46488005186946
2021-11-29,77.94400279549228
2021-11-30,77.72779043280183
2021-12-01,79.86640964719595
2021-12-02,79.04004290311046
2021-12-03,79.2013858043884
2021-12-06,79.4798230325781
2021-12-07,79.30562347188264
2021-12-08,79.50588655012487
2021-12-09,80.8664358600583
2021-12-10,80.35202379879203
2021-12-13,80.02284434490481
2021-12-14,80.71750923097962
2021-12-15,80.53120609164665
2021-12-16,80.02846721821902
2021-12-17,80.40966010733453
2021-12-20,80.44472395669557
2021-12-21,79.48818197974053
2021-12-22,79.09828516293146
2021-12-23,79.07703742567331
2021-12-24,79.09393183707398
2021-12-27,78.5831381733021
2021-12-28,78.48891786179921
2021-12-29,79.06760723831222
2021-12-30,78.77914296878392
2021-12-31,78.5067387758606
2022-01-03,78.69375273044997
2022-01-04,78.74191728507573
2022-01-05,79.41478394384733
2022-01-06,80.71702194781197
2022-01-07,80.34707934520083
2022-01-10,80.21773978092439
2022-01-11,79.98902160548042
2022-01-12,78.93144289789919
2022-01-13,78.96312665193466
2022-01-14,79.19618350542413
2022-01-17,79.07933058030864
2022-01-18,77.3019052896296
2022-01-19,76.2729495627668
2022-01-20,75.18621479089163
2022-01-21,75.56118247694334
2022-01-24,76.86157567669017
2022-01-25,77.63875467417337
2022-01-26,77.353854002806
2022-01-27,78.97354776342385
2022-01-28,79.74803009393224
2022-01-31,80.02404702529391
2022-02-01,79.56880936602606
2022-02-02,79.77876887750597
2022-02-03,80.51664138484875
2022-02-04,80.33633980539388
2022-02-07,79.13402599660914
2022-02-08,78.78527660308967
2022-02-09,78.66503604531411
2022-02-10,78.76972833117723
2022-02-11,78.83817603393425
2022-02-14,78.51244177751668
2022-02-15,79.36030828516378
2022-02-16,79.26276072579277
2022-02-17,79.67597061909758
2022-02-18,79.38608230177317
2022-02-21,79.74674699803356
2022-02-22,78.76244606704282
2022-02-23,77.77039964150406
2022-02-24,78.60204840175106
2022-02-25,77.83744796603882
2022-02-28,78.15092330999468
2022-03-01,76.66798060625173
2022-03-02,76.24253687082361
2022-03-03,76.91226954863319
2022-03-04,76.67548947102098
2022-03-07,77.89931367961317
2022-03-08,77.7214618796679
2022-03-09,77.27265670483214
2022-03-10,77.09205344042012
2022-03-11,76.91715358124057
2022-03-14,77.93447862564922
2022-03-15,77.10896662645757
2022-03-16,76.84974671931714
2022-03-17,76.59660883280758
2022-03-18,77.01350755541304
2022-03-21,76.8578008974308
2022-03-22,77.61844550375696
2022-03-23,77.46911119968115
2022-03-24,76.69278996865204
2022-03-25,76.73381407744161
2022-03-28,77.33628318584071
2022-03-29,77.54585858585858
2022-03-30,77.76257545271629
2022-03-31,78.17935989022077
2022-04-01,78.19799325669253
2022-04-04,78.81080750407831
2022-04-05,79.12245989304813
2022-04-06,78.74089830647141
2022-04-07,78.54841989669337
2022-04-08,78.66165777993214
2022-04-11,77.88839712918661
2022-04-12,77.58160085210461
2022-04-13,76.92224815246986
2022-04-14,76.94019493177389
2022-04-15,76.92940717628706
2022-04-18,76.54067855623042
2022-04-19,77.46077146148652
2022-04-20,77.736298649722
2022-04-21,79.1801948051948
2022-04-22,80.0911654914973
2022-04-25,80.40254237288136
2022-04-26,81.09636913123057
2022-04-27,80.96857020180336
2022-04-28,81.89654128837009
2022-04-29,83.30114185331577
2022-05-02,82.34901198001857
2022-05-03,82.83384328854598
2022-05-04,81.9170767823701
2022-05-05,83.36344659116145
2022-05-06,84.27514766422053
2022-05-09,85.15561986128336
2022-05-10,86.49691721184168
2022-05-11,85.95508120649652
2022-05-12,88.11263244472399
2022-05-13,85.85708193147893
2022-05-16,84.42264605129155
2022-05-17,83.952907433964
2022-05-18,84.89039495209161
2022-05-19,84.08711135460896
2022-05-20,84.89948014905461
2022-05-23,85.10377445128113
2022-05-24,84.49545022409345
2022-05-25,84.35431744731213
2022-05-26,84.15590321993815
2022-05-27,83.93850194728738
2022-05-30,84.56390840251801
2022-05-31,85.29228769095046
2022-06-01,84.64419990829894
2022-06-02,83.82268485283561
2022-06-03,84.3923231218089
2022-06-06,83.46132922295766
2022-06-07,83.38030071126317
2022-06-08,84.10619469026548
2022-06-09,85.25490196078431
2022-06-10,85.57272851982259
2022-06-13,86.39929714584224
2022-06-14,85.96158417724527
2022-06-15,84.66912953128607
2022-06-16,84.69804780149609
2022-06-17,84.97531262978174
2022-06-20,85.4772864648719
2022-06-21,84.56651132745813
2022-06-22,85.84657073444217
2022-06-23,87.04910202521972
2022-06-24,86.47807972729855
2022-06-27,86.21712393566699
2022-06-28,87.35359062980031
2022-06-29,87.72055984555985
2022-06-30,89.21212420397887
2022-07-01,91.04276862626568
2022-07-04,90.56318268363565
2022-07-05,91.89709941155029
2022-07-06,90.58302506122023
2022-07-07,90.57519129665296
2022-07-08,90.31373159095624
2022-07-11,90.8160058660242
2022-07-12,91.23334743074645
2022-07-13,90.4110659581119
2022-07-14,92.92167201174105
2022-07-15,91.30297517123289
2022-07-18,91.4932005568048
2022-07-19,91.32223467264288
2022-07-20,90.90246516613077
2022-07-21,91.22252893088438
2022-07-22,92.87012637805863
2022-07-25,93.35070575461454
2022-07-26,92.26664517169111
2022-07-27,90.89703260983536
2022-07-28,87.84927942353882
2022-07-29,86.83568583091527
2022-08-01,87.11497812515361
2022-08-02,88.21512706130018
2022-08-03,88.03442254926415
2022-08-04,88.86021932218529
2022-08-05,89.27752062789293
2022-08-08,86.62066627929498
2022-08-09,87.45283478769561
2022-08-10,87.08635016278731
2022-08-11,88.14420803782507
2022-08-12,86.57932692307692
2022-08-15,87.84134662849245
2022-08-16,88.19482390343252
2022-08-17,89.091093015022
2022-08-18,90.0558287236222
2022-08-19,91.79177391395704
2022-08-22,91.51863370407465
2022-08-23,91.51212105345829
2022-08-24,91.70071234024724
2022-08-25,91.41290221968083
2022-08-26,92.05030447445061
2022-08-29,92.6365478984425
2022-08-30,93.62624232878944
2022-08-31,95.21756064989984
2022-09-01,95.41254496402877
2022-09-02,95.0397023710367
2022-09-05,94.61402148632185
2022-09-06,94.58541736134268
2022-09-07,93.20006509710318
2022-09-08,92.24850153895999
2022-09-09,91.24534722960757
2022-09-12,87.19103964401295
2022-09-13,88.11286564845975
2022-09-14,86.50968399592252
2022-09-15,86.90328305235138
2022-09-16,85.7199160567129
2022-09-19,85.77242014742015
2022-09-20,86.432502596054
2022-09-21,85.58396400081816
2022-09-22,85.18125732932239
2022-09-23,87.12021626205873
2022-09-26,88.46972176759412
2022-09-27,88.66895312755186
2022-09-28,87.93821534548537
2022-09-29,88.32428981806575
2022-09-30,87.4058687421119
2022-10-03,82.17124347321601
2022-10-04,82.07865702872361
2022-10-05,83.24616728119543
2022-10-06,83.02448484848486
2022-10-07,84.27932183165117
2022-10-10,85.16357882917367
2022-10-11,87.07954426675029
2022-10-12,88.0279911606861
2022-10-13,88.33757421543682
2022-10-14,90.0646752534941
2022-10-17,88.5414542527502
2022-10-18,88.24403012981462
2022-10-19,88.32782085344031
2022-10-20,87.2923258432992
2022-10-21,85.80103626943006
2022-10-24,85.86048932847476
2022-10-25,85.51997102649007
2022-10-26,85.06413860070528
2022-10-27,84.89381253828874
2022-10-28,85.52851869183175
2022-10-31,85.31285908283715
2022-11-01,84.02804691483936
2022-11-02,85.1421578837742
2022-11-03,83.71820564205335
2022-11-04,80.6791130735266
2022-11-07,80.6129715165512
2022-11-08,80.2347813861943
2022-11-09,81.02065036790886
2022-11-10,81.0232150274611
2022-11-11,81.58372500230392
2022-11-14,80.63185687622344
2022-11-15,82.55245079836614
2022-11-16,82.6867132867133
2022-11-17,84.07423330467182
2022-11-18,83.66727237949503
2022-11-21,83.43719992318033
2022-11-22,82.60801443357705
2022-11-23,81.30612624337641
2022-11-24,81.71267631860714
2022-11-25,81.7983295226541
2022-11-28,83.26112944101754
2022-11-29,82.38216320572586
2022-11-30,79.76362324070733
2022-12-01,79.31975183702204
2022-12-02,77.71528618364171
2022-12-05,79.56944256984748
2022-12-06,79.86649226467007
2022-12-07,78.65580268663291
2022-12-08,77.61594863117706
2022-12-09,76.59491944420765
2022-12-12,76.44819297793802
2022-12-13,76.3586910685671
2022-12-14,75.5815315126929
2022-12-15,77.00953619419158
2022-12-16,77.28036899732736
2022-12-19,77.80587595212187
2022-12-20,75.3209032525378
2022-12-21,75.75855013154049
2022-12-22,76.09577990999405
2022-12-23,75.83252478380089
2022-12-27,75.47902447144997
2022-12-28,76.69075451647184
2022-12-29,75.98944811992295
2022-12-30,76.19567034436643
2023-01-03,76.65610671112964
2023-01-04,78.11146684640661
2023-01-05,78.92372625866747
2023-01-06,78.36622438696675
2023-01-09,79.1842951430022
2023-01-10,79.60049196318758
2023-01-11,80.16927417286485
2023-01-12,79.84090909090908
2023-01-13,79.22181878197722
2023-01-16,79.17622308390396
2023-01-17,79.80806222296562
2023-01-18,81.26120358514726
2023-01-19,81.10057085292142
2023-01-20,80.49093340018383
2023-01-23,82.36521071489507
2023-01-24,81.90850668019617
2023-01-25,81.43897538925164
2023-01-26,80.70705380302903
2023-01-27,81.81544336020366
2023-01-30,81.5305040912367
2023-01-31,81.33414881052809
2023-02-01,81.3854114505091
2023-02-02,81.54856874706711
2023-02-03,83.50165637031068
2023-02-06,83.93643801132788
2023-02-07,84.47894570564607
2023-02-08,84.0799856527977
2023-02-09,84.78185627106295
2023-02-10,84.77954545454546
2023-02-13,84.35215946843854
2023-02-14,84.94365035733921
2023-02-15,84.97593038326237
2023-02-16,85.15279387897054
2023-02-17,84.80132602790184
2023-02-20,84.64968738506805
2023-02-21,84.08807625332234
2023-02-22,84.93392275476967
2023-02-23,85.58404959842187
2023-02-24,87.25415562515057
2023-02-27,88.15680947067099
2023-02-28,87.50898203592814
2023-03-01,87.5900224161778
2023-03-02,87.94375509030806
2023-03-03,87.63782142518266
2023-03-06,87.8205250142667
2023-03-07,90.474456196368
2023-03-08,90.67286542691461
2023-03-09,91.32332402234637
2023-03-10,91.05707317073171
2023-03-13,87.85343679691445
2023-03-14,87.87768289868451
2023-03-15,88.20183908045978
2023-03-16,88.57116485139376
2023-03-17,87.87302853092328
2023-03-20,87.87503330668798
2023-03-21,86.72418417523468
2023-03-22,85.76373769920752
2023-03-23,86.34752848416585
2023-03-24,85.26560682435053
2023-03-27,84.8739750986942
2023-03-28,84.70045489657541
2023-03-29,84.24815577285985
2023-03-30,82.92366316318412
2023-03-31,81.84258643617021
2023-04-03,82.81213486897012
2023-04-04,80.87473477721286
2023-04-05,81.06639919759277
2023-04-06,80.4709607599503
2023-04-10,80.13642400096583
2023-04-11,80.04354948260018
2023-04-12,79.08773307163885
2023-04-13,79.08100775193797
2023-04-14,79.02215913571486
2023-04-17,79.76888320204726
2023-04-18,79.68764902241297
2023-04-19,78.95357581034551
2023-04-20,79.3618368962787
2023-04-21,79.11724798467556
2023-04-24,79.12754614894972
2023-04-25,79.90158031606322
2023-04-26,80.04950495049505
2023-04-27,79.80807066854045
2023-04-28,79.4929476165741
2023-05-01,79.40599214932308
2023-05-02,79.52322738386307
2023-05-03,79.82342116596844
2023-05-04,78.79967714659082
2023-05-05,78.64464292679122
2023-05-08,79.18197845249755
2023-05-09,79.53436547032607
2023-05-10,80.04337026377006
2023-05-11,83.40301349449457
2023-05-12,83.98672067482357
2023-05-15,83.77555260096393
2023-05-16,83.84462991063901
2023-05-17,83.54414368833797
2023-05-18,83.4043459735833
2023-05-19,83.00293870696893
2023-05-22,83.54164901279553
2023-05-23,84.32096657131879
2023-05-24,84.91364346467627
2023-05-25,85.46519307824403
2023-05-26,83.55652845737832
2023-05-29,84.0196163152437
2023-05-30,84.55997237688291
2023-05-31,83.55202656675749
2023-06-01,82.87271050756527
2023-06-02,82.55922363012247
2023-06-05,83.2893172554348
2023-06-06,83.29019940602461
2023-06-07,82.84841754580789
2023-06-08,81.08337802714634
2023-06-09,80.81708372840829
2023-06-12,81.43035446829755
2023-06-13,82.19083065471156
2023-06-14,81.23462471759686
2023-06-15,82.04718799765318
2023-06-16,80.9830774959659
2023-06-19,81.51508818858146
2023-06-20,83.70255079982707
2023-06-21,85.3763915886199
2023-06-22,86.0629637958174
2023-06-23,85.76421748058209
2023-06-26,84.46064652143359
2023-06-27,83.80282923838305
2023-06-28,84.12076037577737
2023-06-29,84.60095770151636
2023-06-30,84.38679037861132
2023-07-03,83.97054324548752
2023-07-04,83.92852473305732
2023-07-05,82.88651315789474
2023-07-06,84.20412480169223
2023-07-07,83.49555410973758
2023-07-10,83.28444732857452
2023-07-11,83.65360467633687
2023-07-12,81.21327800829874
2023-07-13,78.87377781354363
2023-07-14,78.52524197758946
2023-07-17,78.7594181876788
2023-07-18,79.03179421632849
2023-07-19,78.66687890485096
2023-07-20,79.61030035978494
2023-07-21,79.77553675992192
2023-07-24,80.37789382787122
2023-07-25,79.66911317464823
2023-07-26,79.16221749427963
2023-07-27,80.67805747936798
2023-07-28,80.56631708821715
2023-07-31,79.47189648200566
2023-08-01,80.11209099151075
2023-08-02,81.66737019839594
2023-08-03,82.13148171741624
2023-08-04,82.27690483249333
2023-08-07,83.78650858898361
2023-08-08,84.59527157672701
2023-08-09,84.55372521309013
2023-08-10,84.3318338184705
2023-08-11,84.45542806707856
2023-08-14,84.48175053153791
2023-08-15,84.51204337392232
2023-08-16,84.47664553005269
2023-08-17,83.33759760024704
2023-08-18,83.12934447866256
2023-08-21,81.33693972179289
2023-08-22,81.14756201881951
2023-08-23,78.85951910408431
2023-08-24,79.52614107883817
2023-08-25,79.10428636382424
2023-08-28,79.30483271375465
2023-08-29,78.44381453735575
2023-08-30,78.98214794030336
2023-08-31,79.4654268392594
2023-09-01,80.30054644808743
2023-09-04,80.89520470764994
2023-09-05,81.88706522663492
2023-09-06,82.7856741694388
2023-09-07,83.65978033472804
2023-09-08,83.77881592734893
2023-09-11,83.37728810618549
2023-09-12,83.01297348895734
2023-09-13,83.64341764937969
2023-09-14,84.45073162106007
2023-09-15,83.6023818837745
2023-09-18,83.24679238784121
2023-09-19,83.32269059843811
2023-09-20,83.12303518366996
2023-09-21,82.12696783025325
2023-09-22,81.79569983853149
2023-09-25,82.89441800086543
2023-09-26,83.24178712220763
2023-09-27,83.24852360019537
2023-09-28,82.51393928666255
2023-09-29,83.40054127198917
2023-10-02,86.95132974927448
2023-10-03,86.23237770839246
2023-10-04,86.77579223254706
2023-10-05,86.86903398243604
2023-10-06,85.02297943456664
2023-10-09,85.14455626715463
2023-10-10,85.27481090992435
2023-10-11,85.12490915697674
2023-10-12,85.70242627161399
2023-10-13,85.19134848819245
2023-10-16,85.0050914242706
2023-10-17,84.40196637844006
2023-10-18,85.32135815991238
2023-10-19,85.73196682155731
2023-10-20,84.85045847973262
2023-10-23,85.93996427482246
2023-10-24,86.10266491917868
2023-10-25,86.6687100446624
2023-10-26,87.17178372205386
2023-10-27,87.25694595891308
2023-10-30,85.68319381841596
2023-10-31,86.89106916035215
2023-11-01,86.48606203376522
2023-11-02,87.31586121982323
2023-11-03,85.96392820158785
2023-11-06,85.96322698426498
2023-11-07,87.10493717926032
2023-11-08,86.59043474399397
2023-11-09,86.59341145257572
2023-11-10,87.19994599702984
2023-11-13,87.32935421621863
2023-11-14,85.10557121179275
2023-11-15,83.66016142118973
2023-11-16,83.5172849915683
2023-11-17,83.58770893128482
2023-11-20,84.4692665840844
2023-11-21,84.2434335342974
2023-11-22,84.26520413349145
2023-11-23,83.71481388118646
2023-11-24,82.41582283691446
2023-11-27,81.7983916822354
2023-11-28,81.61881148524354
2023-11-29,81.77101252150258
2023-11-30,80.64445852808366
2023-12-01,81.43783911299835
2023-12-04,82.89642492339121
2023-12-05,83.66661141957404
2023-12-06,84.81760690203963
2023-12-07,85.30173682661172
2023-12-08,87.22642987725254
2023-12-11,86.92503399570118
2023-12-12,87.03443120355305
2023-12-13,85.24642556770395
2023-12-14,84.30073693798128
2023-12-15,84.71877098723975
2023-12-18,85.26014721345952
2023-12-19,84.91176225755432
2023-12-20,84.22191814902351
2023-12-21,83.91901870692483
2023-12-22,84.97061258278146
2023-12-26,85.43572579645469
2023-12-27,85.6829992576095
2023-12-28,86.23533341684413
2023-12-29,86.81328394646015
2024-01-02,87.09505478235121
2024-01-03,88.9144923117132
2024-01-04,88.89879916463626
2024-01-05,88.29792746113989
2024-01-08,87.84154899073032
2024-01-09,88.44210159449332
2024-01-10,88.48837209302324
2024-01-11,89.26248624862485
2024-01-12,88.4427751154859
2024-01-15,88.57900409571029
2024-01-16,88.5874028129641
2024-01-17,89.0236975237419
2024-01-18,89.04740942906194
2024-01-19,89.83398999513038
2024-01-22,91.58745979250668
2024-01-23,90.51746442432082
2024-01-24,88.90758157813397
2024-01-25,88.27610310179118
2024-01-26,88.63510605594836
2024-01-29,87.70160072485655
2024-01-30,88.02195427633
2024-01-31,89.00650399406346
2024-02-01,88.75685715519847
2024-02-02,89.96779743261723
2024-02-05,90.66941297631308
2024-02-06,90.87492188197481
2024-02-07,91.67139703563545
2024-02-08,90.17110687530476
2024-02-09,89.61962538192446
2024-02-12,89.10707195482419
2024-02-13,90.19007965242578
2024-02-14,89.14477511747596
2024-02-15,87.50349283967866
2024-02-16,86.03426911079777
2024-02-19,87.9650377087057
2024-02-20,88.06857242309533
2024-02-21,88.60691947688404
2024-02-22,89.07194719471947
2024-02-23,88.81588132635252
2024-02-26,90.28049431009958
2024-02-27,90.5100084704204
2024-02-28,90.67035122125156
2024-02-29,90.25433832295668
2024-03-01,90.11592698330307
2024-03-04,88.59082338152105
2024-03-05,89.96575052854124
2024-03-06,88.96123260437376
2024-03-07,88.8587180120135
2024-03-08,89.66456764209573
2024-03-11,89.28898707249223
2024-03-12,89.4944635673703
2024-03-13,86.99731903485255
2024-03-14,87.22163950298533
2024-03-15,85.7272365805169
2024-03-18,86.34728384698406
2024-03-19,86.6634530408934
2024-03-20,85.54077320394427
2024-03-21,88.25483531601522
2024-03-22,87.84584178498987
2024-03-25,88.0786858649361
2024-03-26,89.17273843634874
2024-03-27,89.11198635699205
2024-03-28,89.53324244125432
2024-04-01,89.83797589592146
2024-04-02,87.31916523071033
2024-04-03,84.67889232582118
2024-04-04,85.20345161050362
2024-04-05,84.88187253901123
2024-04-08,84.04254554601316
2024-04-09,83.63355141516143
2024-04-10,83.63105265044263
2024-04-11,83.46562521990009
2024-04-12,83.98201876925282
2024-04-15,82.61510192761058
2024-04-16,84.85486341133311
2024-04-17,83.74915759231014
2024-04-18,84.31341273217072
2024-04-19,83.40614096301465
2024-04-22,85.66521867177147
2024-04-23,85.09840571742716
2024-04-24,85.32792925571113
2024-04-25,85.07696797256877
2024-04-26,85.99374540103017
2024-04-29,86.11645831028505
2024-04-30,87.02680067001674
2024-05-01,87.12686426988242
2024-05-02,86.41667291963682
2024-05-03,86.75159235668791
2024-05-06,84.744711889132
2024-05-07,85.02590673575129
2024-05-08,84.54135999121168
2024-05-09,82.86950685318638
2024-05-10,83.8632326820604
2024-05-13,82.91098807495742
2024-05-14,82.49099114858484
2024-05-15,80.49497267022066
2024-05-16,80.41178859037693
2024-05-17,76.89715577921459
2024-05-20,76.32385326873467
2024-05-21,75.7567127746135
2024-05-22,77.30741727881428
2024-05-23,77.35382059800664
2024-05-24,76.95333882934872
2024-05-27,74.38664768232874
2024-05-28,73.63009854060122
2024-05-29,73.19140942959113
2024-05-30,75.23780468223129
2024-05-31,76.60391020999276
2024-06-03,76.58129683936136
2024-06-04,78.95679913123155
2024-06-05,78.56775872422766
2024-06-06,75.91959349333673
2024-06-07,78.71330976003296
2024-06-10,77.75717602718983
2024-06-11,79.19626679429763
2024-06-12,78.28097114186619
2024-06-13,79.62188504475857
2024-06-14,78.9878090077887
2024-06-17,78.78299867495669
2024-06-18,78.92250872496865
2024-06-19,78.27807666442501
2024-06-20,76.8487039208024
2024-06-21,78.6470827403944
2024-06-24,78.9982062476732
2024-06-25,80.31303022957859
2024-06-26,79.96798440979956
2024-06-27,80.39969599613086
2024-06-28,79.89696386866329
2024-07-01,79.24682210590714
2024-07-02,78.9729766385244
2024-07-03,77.31171857053786
2024-07-04,77.6156759426972
2024-07-05,76.65683414024176
2024-07-08,76.74626671438331
2024-07-09,76.80259951259139
2024-07-10,77.00029227421817
2024-07-11,76.8315571814856
2024-07-12,78.36951576210595
2024-07-15,79.01190670363725
2024-07-16,79.05242258302111
2024-07-17,81.18181217804782
2024-07-18,82.04106969097072
2024-07-19,82.25096802933214
2024-07-22,82.32307269479182
2024-07-23,82.47663711361379
2024-07-24,83.01288267073001
2024-07-25,84.95831836148042
2024-07-26,85.59063866389506
2024-07-29,85.62744745823603
2024-07-30,85.00722874572445
2024-07-31,84.44751190558354
2024-08-01,85.83760263878166
2024-08-02,85.5415396474999
2024-08-05,88.52152512488979
2024-08-06,88.67893721240908
2024-08-07,89.62125771024522
2024-08-08,88.21254634004507
2024-08-09,88.60006560484018
2024-08-12,88.4868444603544
2024-08-13,88.5552601322219
2024-08-14,88.8723087535853
2024-08-15,86.68348801919751
2024-08-16,86.56928761352256
2024-08-19,85.1068891683377
2024-08-20,85.4654246277283
2024-08-21,84.9339058115555
2024-08-22,85.80205131747074
2024-08-23,84.28744001879132
2024-08-26,84.23901769881897
2024-08-27,84.29129520184313
2024-08-28,86.03435245620062
2024-08-29,85.74606305907962
2024-08-30,86.83235630788442
2024-09-02,87.61076836791925
2024-09-03,88.95871248617208
2024-09-04,88.35327857244016
2024-09-05,87.37786882399918
2024-09-06,89.48430332568806
2024-09-09,88.45887751500177
2024-09-10,88.68203122246891
2024-09-11,87.65243796028062
2024-09-12,85.70461930124274
2024-09-13,84.02345658902101
2024-09-16,84.08081531648867
2024-09-17,83.75220027381185
2024-09-18,85.16173044925125
2024-09-19,84.08185157494393
2024-09-20,84.18924993578217
2024-09-23,85.70827626687536
2024-09-24,82.8296651910967
2024-09-25,83.58679921978229
2024-09-26,83.526083830838
2024-09-27,84.07412092081964
2024-09-30,84.61009763617677
2024-10-01,84.77812440313235
2024-10-02,83.56740954955522
2024-10-03,82.98534512389465
2024-10-04,82.49028205367416
2024-10-07,83.45840439643737
2024-10-08,85.53866231647636
2024-10-09,85.56718621821165
2024-10-10,84.46446350001605
2024-10-11,84.28562365182083
2024-10-14,84.9882873920996
2024-10-15,84.5737246680643
2024-10-16,84.46452265116572
2024-10-17,85.02526049889485
2024-10-18,80.76338822133215
2024-10-21,80.54706474734908
2024-10-22,78.92445950213903
2024-10-23,80.62861893874157
2024-10-24,81.28896152131927
2024-10-25,81.61490683229815
2024-10-28,81.49157478676929
2024-10-29,80.57241599628263
2024-10-30,82.56472539842406
2024-10-31,84.07280303958818
2024-11-01,84.44423860689145
2024-11-04,84.37072208176606
2024-11-05,84.08310860505027
2024-11-06,85.34313410797972
2024-11-07,84.54281340789103
2024-11-08,85.83940905602456
2024-11-11,85.41971040960082
2024-11-12,84.64909422650854
2024-11-13,84.93595245955761
2024-11-14,84.30064757897506
2024-11-15,84.7792414112663
2024-11-18,83.84121480625382
2024-11-19,84.38588054246418
2024-11-20,85.94357061780444
2024-11-21,86.75213675213675
2024-11-22,86.7119217991311
2024-11-25,86.6879086046358
2024-11-26,86.5492078101374
2024-11-27,87.64672629933828
2024-11-28,87.3406404185569
2024-11-29,86.59565430485216
2024-12-02,86.56267427746613
2024-12-03,85.2544504643963
2024-12-04,84.73744803325872
2024-12-05,84.06330852524995
2024-12-06,85.08434046403411
2024-12-09,83.6401081624953
2024-12-10,84.5168475873753
2024-12-11,85.24778872090835
2024-12-12,86.6286397569725
2024-12-13,86.76286565990762
2024-12-16,86.94725800635919
2024-12-17,86.7367006457111
2024-12-18,88.15138083873168
2024-12-19,89.40860215053765
2024-12-20,88.88527368242671
2024-12-23,88.18375130792857
2024-12-24,88.40337837837836
2024-12-26,88.4493181970847
2024-12-27,89.2575943331971
2024-12-30,90.05702830677772
2024-12-31,90.84325671559125
2025-01-02,89.99424392225909
2025-01-03,89.158278727285
2025-01-06,88.10903864152961
2025-01-07,88.19320035962839
2025-01-08,88.46762398617206
2025-01-09,88.69390466699883
2025-01-10,88.5018923811091
2025-01-13,89.95743387047735
2025-01-14,89.61405857740586
2025-01-15,88.023828953811
2025-01-16,88.17000682106084
2025-01-17,89.15410247105011
2025-01-20,88.86477791274088
2025-01-21,89.07246941226107
2025-01-22,89.48409090909091
2025-01-23,90.54896288747905
2025-01-24,90.59886894838351
2025-01-27,90.76630128820743
2025-01-28,90.91133410100346
2025-01-29,89.56091387031869
2025-01-30,88.36659182189051
2025-01-31,89.49953660797034
2025-02-03,89.14729173265759
2025-02-04,88.4980692575984
2025-02-05,88.79594933572822
2025-02-06,88.70903612586588
2025-02-07,89.99968551481226
2025-02-10,90.79872603509648
2025-02-11,91.10111935605585
2025-02-12,90.1825973542016
2025-02-13,90.61051458984436
2025-02-14,89.7413149047441
2025-02-17,89.57636807465316
2025-02-18,89.31684011928671
2025-02-19,89.76434583014539
2025-02-20,89.29485037217074
2025-02-21,90.296460313067
2025-02-24,91.34110877366663
2025-02-25,91.87127683045986
2025-02-26,91.59981152819223
2025-02-27,92.08302659795794
2025-02-28,91.805921263888
2025-03-03,91.33760575830283
2025-03-04,91.29642957724442
2025-03-05,89.42982321762308
2025-03-06,89.24878886367819
2025-03-07,89.56141969613088
2025-03-10,90.06733796801447
2025-03-11,88.56470230862698
2025-03-12,88.38340313978365
2025-03-13,88.30634676752156
2025-03-14,88.53688888888888
2025-03-17,88.69011378749815
2025-03-18,89.25186078667883
2025-03-19,90.23393544566181
2025-03-20,90.7325723482252
2025-03-21,91.59894555040451
2025-03-24,91.28784893765344
2025-03-25,89.56962776212367
2025-03-26,89.81287558755281
2025-03-27,88.8879841805281
2025-03-28,90.42189515656152
2025-03-31,91.70923609887853
2025-04-01,92.50326758555133
2025-04-02,92.55163854496026
2025-04-03,97.84610067240621
2025-04-04,102.78471587640031
2025-04-07,99.18704054818215
2025-04-08,100.12255313433838
2025-04-09,99.45960769131501
2025-04-10,101.80897111160986
2025-04-11,100.35426481527398
2025-04-14,99.30986481888205
2025-04-15,99.9990710061004
2025-04-16,102.11222432647077
2025-04-17,102.35156586476343
2025-04-21,104.87427643870018
2025-04-22,104.0804703854205
2025-04-23,98.0025035765379
2025-04-24,99.80328455187625
2025-04-25,100.3285532764567
2025-04-28,100.92385235263934
2025-04-29,100.80717216228537
2025-04-30,100.89662155942189
2025-05-01,99.97715062063854
2025-05-02,101.29723984870745
2025-05-05,102.72802908911623
2025-05-06,103.3427727902633
2025-05-07,103.73778175202739
2025-05-08,101.936538283635
2025-05-09,101.69694189602446
2025-05-12,99.31198575463587
2025-05-13,98.83701833885831
2025-05-14,98.69292414735665
2025-05-15,99.33096216348808
2025-05-16,99.24045138888889
2025-05-19,99.9186438580753
2025-05-20,99.50211736237144
2025-05-21,99.35683030629983
2025-05-22,99.7716604584961
2025-05-23,100.34045094818576
2025-05-26,99.88732815301853
2025-05-27,99.29779168421686
2025-05-28,99.81908693540554
2025-05-29,99.65126757178902
2025-05-30,99.83312600503655
2025-06-02,97.37351340455554
2025-06-03,97.22868160862885
2025-06-04,97.81806578871034
2025-06-05,94.12004154852474
2025-06-06,92.08307846299283
2025-06-09,90.535242710517
2025-06-10,91.02356164383562
2025-06-11,92.631564415484
2025-06-12,93.22203259194009
2025-06-13,94.55785123966942
2025-06-16,93.2896078485408
2025-06-17,91.3266131205865
2025-06-18,91.77185193255794
2025-06-19,92.67383354870638
2025-06-20,93.62236673892501
2025-06-23,93.37268922701698
2025-06-24,92.59941479726905
2025-06-25,91.95330610442655
2025-06-26,90.86837793555435
2025-06-27,91.03564279359429
2025-06-30,91.53848285801391
2025-07-01,92.7307318427996
2025-07-02,91.90521820073371
2025-07-03,90.34989541169759
2025-07-04,90.41455550437587
2025-07-07,90.7955040278685
2025-07-08,89.88891611533121
2025-07-09,91.13708878864561
2025-07-10,89.86697669388418
2025-07-11,87.41609602416227
2025-07-14,87.7417069074113
2025-07-15,88.24631718646317
2025-07-16,88.36800422386483
2025-07-17,87.6180229354187
2025-07-18,87.75490427175822
2025-07-21,87.31743053234969
2025-07-22,87.40009678323104
2025-07-23,86.3169295853615
2025-07-24,86.29935179728933
2025-07-25,87.44797400010482
2025-07-28,86.91105517096706
2025-07-29,87.13196772841575
2025-07-30,88.28121630364461
2025-07-31,89.68269545305856
2025-08-01,90.88884685025538
2025-08-04,90.22144958545066
2025-08-05,89.47779365835584
2025-08-06,89.1225796212041
2025-08-07,88.80250013075998
2025-08-08,88.70022715997807
2025-08-11,88.9160215997659
2025-08-12,88.37323478949453
2025-08-13,87.21833822803234
2025-08-14,87.78821857233102
2025-08-15,87.83307003686151
2025-08-18,87.70619506289805
2025-08-19,88.733807943475
2025-08-20,88.40598843503287
2025-08-21,87.5842799800614
2025-08-22,86.71158544425872
2025-08-25,87.32388884564492
2025-08-26,87.95142938599902
2025-08-27,88.09428727018125
2025-08-28,87.56515722303375
2025-08-29,86.93704142608608
2025-09-01,85.4388595305395
2025-09-02,86.47577092511014
2025-09-03,86.42374939290917
2025-09-04,87.24053934353624
2025-09-05,87.59767532721236
2025-09-08,87.99477212769561
2025-09-09,88.77564510600794
2025-09-10,88.50412077893661
2025-09-11,87.5005417900744
2025-09-12,86.36883030676591
2025-09-15,86.24583860833684
2025-09-16,86.74880090284962
2025-09-17,87.87432769880905
2025-09-18,87.19809537482354
2025-09-19,85.64028074742028
2025-09-22,85.06356990419107
2025-09-23,85.52442626675756
2025-09-24,85.13273932958093
2025-09-25,83.02728319603153
2025-09-26,81.6669199869721
2025-09-29,81.74612989892958
2025-09-30,82.76572924040586
2025-10-01,81.73665736276747
2025-10-02,82.1189923553587
2025-10-03,81.01538397398483
2025-10-06,81.68553692590072
2025-10-07,83.35439330543934
2025-10-08,82.74199492261076
2025-10-09,80.76149658758531
2025-10-10,79.97034766861032
2025-10-13,78.6418076069488
2025-10-14,80.72519976612746
2025-10-15,79.45693838629883
2025-10-16,79.95582500046208
2025-10-17,81.87947022421005
2025-10-20,83.32874249206168
2025-10-21,84.82961439588689
2025-10-22,84.61771932360168
2025-10-23,84.47777391019473
2025-10-24,84.64682637688317
2025-10-27,84.9337571736394
2025-10-28,84.05367471929227
2025-10-29,82.67454824662894
2025-10-30,82.31090202495398
2025-10-31,82.27191450005138
2025-11-03,83.25516552570798
2025-11-04,83.42591610261199
2025-11-05,82.91552054680336
2025-11-06,82.85622018042794
2025-11-07,82.8111676807815
2025-11-10,81.52988253006082
2025-11-11,80.61064228785747
2025-11-12,78.8116617199534
2025-11-13,79.80752305514102
2025-11-14,80.79113924050633
2025-11-17,80.6117365746737
2025-11-18,80.26205181837915
2025-11-19,79.42927266352409
2025-11-20,80.53032846787414
2025-11-21,81.34793917567028
2025-11-24,80.5513559850374
2025-11-25,80.27479788557213
2025-11-26,78.08893306577146
2025-11-27,77.90308072858107
2025-11-28,74.83504788932245
2025-12-01,72.99962051954324
2025-12-02,71.98113853421421
2025-12-03,71.86584135560761
2025-12-04,73.6915830575546
2025-12-05,72.02619427708258
2025-12-08,72.08187838651415
2025-12-09,69.3934796589766
2025-12-10,68.4240590310366
2025-12-11,67.34998347575657
2025-12-12,69.40603008586739
2025-12-15,67.19492398464084
2025-12-16,67.51294686293588
2025-12-17,65.53699031619658
2025-12-18,66.18511502856619
2025-12-19,64.62801299049549
2025-12-22,64.37889368607111
2025-12-23,62.76209536338572
2025-12-24,62.390940999498575
2025-12-26,57.257451136464134
2025-12-29,60.075167115080575
2025-12-30,56.9294965161595
2025-12-31,60.41786158946883
2026-01-02,59.53761593953968
2026-01-05,58.09299956908371
2026-01-06,55.3410657998424
2026-01-07,57.01389421969754
2026-01-08,58.184275503573744
2026-01-09,56.43260290087226
2026-01-12,54.008576127819545
2026-01-13,52.770586678632654
2026-01-14,49.61723257759378
2026-01-15,49.9775867296115
2026-01-16,51.03649326995691
2026-01-19,49.53958253786432
2026-01-20,50.384066172348504
2026-01-21,51.90727409476739
2026-01-22,51.33630775950829
2026-01-23,48.30899807191094
2026-01-26,48.31423168943429
2026-01-27,46.271266667262054
2026-01-28,46.40323589651301
2026-01-29,46.59889767054909
2026-01-30,57.56777884376222
2026-02-02,58.90823065050729
2026-02-03,58.17027983955394
2026-02-04,56.39994545888395
2026-02-05,67.54109492148818
2026-02-06,63.99076176713459
2026-02-09,60.82232294208875
2026-02-10,62.28267876624021
2026-02-11,60.4812554282519
2026-02-12,65.43804356498845
2026-02-13,65.33604782343711
2026-02-16,65.31073002916978
2026-02-17,66.50267860794176
2026-02-18,64.59769965728529
2026-02-19,63.75973147510019
2026-02-20,60.53700119914042
2026-02-23,59.3972138896464
2026-02-24,59.1553719768967
2026-02-25,57.9694428540958
2026-02-26,58.83418454204971
2026-02-27,56.31886593209672
2026-03-02,59.58718677922835
2026-03-03,62.040139488380035
2026-03-04,61.56947987401047
2026-03-05,61.819464891895514
2026-03-06,61.288089791758026
2026-03-09,59.05767108167771
2026-03-10,58.803804994054694
2026-03-11,60.38780129267098
2026-03-12,60.591329865915924
2026-03-13,62.356659422539586
2026-03-16,62.03149781919112
2026-03-17,63.160252365930596
2026-03-18,63.9466804676407
2026-03-19,63.9053717929338
2026-03-20,66.25970619870633
2026-03-23,63.79962357029102
2026-03-24,62.882239680688095
2026-03-25,63.28717682250341
2026-03-26,64.44933531585379
2026-03-27,64.50236762806716
2026-03-30,64.3593950634898
2026-03-31,62.16848050512182
2026-04-01,63.3830209540556
2026-04-02,64.09943933432946
2026-04-06,63.906662269129285
2026-04-07,64.53111714528647
2026-04-08,63.72619980014584
2026-04-09,63.32815054020652
2026-04-10,62.615202056826426
2026-04-13,62.75102926964878
2026-04-14,60.877918746620736
2026-04-15,60.69699081406399
2026-04-16,61.10457774773281
2026-04-17,59.71243283305541
2026-04-20,60.48772836779764
2026-04-21,61.57556228147994
2026-04-22,61.020211122554066
2026-04-23,62.25309337824754
2026-04-24,62.2371012730181
2026-04-27,62.03681127925159
2026-04-28,62.90748115001985
2026-04-29,63.7501578526428
2026-04-30,62.70586000569854
2026-05-01,61.22282788896405
2026-05-04,62.24006273991828
2026-05-05,62.617925500487786
2026-05-06,60.66513197884201
2026-05-07,59.70460103943748
2026-05-08,58.713702246351545
2026-05-11,55.01673290106672
2026-05-12,54.501288823645
2026-05-13,53.618960489450515
2026-05-14,55.72381659639709
2026-05-15,59.80259863479431
2026-05-18,58.80939194497753
2026-05-19,60.84069775334283
2026-05-20,59.9260079927195
2026-05-21,59.2816504423624
2026-05-22,59.75233675836924
2026-05-25,58.57080615605417
2026-05-26,58.590796828285455
2026-05-27,59.72363694848015
2026-05-28,59.45210733036222
2026-05-29,60.31006722108563
2026-06-01,59.94559696305405
2026-06-02,59.756857523302266
2026-06-03,60.994649169864786
2026-06-04,60.58593379814527
2026-06-05,63.76007425851984
2026-06-08,63.534271501313334
2026-06-09,65.228490918558
2026-06-10,64.23398548437993
2026-06-11,62.56155000520037
2026-06-12,62.050531210453514
2026-06-15,61.605381294141196
2026-06-16,61.86860750814239
2026-06-17,62.69474304226183
2026-06-18,64.07051086890337
2026-06-19,64.12320227146472
2026-06-22,64.41725712002213
2026-06-23,66.80509728069177
2026-06-24,69.66083684632268
2026-06-25,69.62786837054074
2026-06-26,69.43816783502348
2026-06-29,68.92708208199619
2026-06-30,68.43383370049695
2026-07-01,68.22272996530423
2026-07-02,67.66228012601732
2026-07-03,66.94950045704573
2026-07-06,67.15389080589506
2026-07-07,68.4831198291967
2026-07-08,69.98626774464871
2026-07-09,68.78886961163752
2026-07-10,68.83947522353138
2026-07-13,69.43783952652863
2026-07-14,69.07281156258522
2026-07-15,70.3151842615683
2026-07-16,71.65852691524447
2026-07-17,71.86701499481086
2026-07-20,71.06437311580068
2026-07-21,69.39143309337827
2026-07-22,69.19773462240914
2026-07-23,70.26427666626178
2026-07-24,69.66690156580327
2026-07-27,69.83109497053584
2026-07-28,70.57127340889582
2026-07-29,70.59866307839222
2026-07-30,69.59077418807767
2026-07-31,70.20890446611375
2026-08-03,69.7237075116483
2026-08-04,68.52568950738667
2026-08-05,68.4756284364469
2026-08-06,68.94642711974636
2026-08-07,68.34579718815435
2026-08-10,66.80335975897381
2026-08-11,67.5606700385133
2026-08-12,67.51129420052374
2026-08-13,67.5172638537577
2026-08-14,67.65933760089062
2026-08-17,67.15884553389495
2026-08-18,68.4681368677135
2026-08-19,67.52635193645675
2026-08-20,66.38959894226532
2026-08-21,66.76231350316809
2026-08-24,67.47302001740644
2026-08-25,67.86583145167164
2026-08-26,67.46879497195218
2026-08-27,66.45360675861072
2026-08-28,67.18396959230152
2026-08-31,66.86806745423392
2026-09-01,67.56607396537458
2026-09-02,67.19590817904779
2026-09-03,66.80391893304659
2026-09-04,66.96125249350179
2026-09-07,66.61873875508383
2026-09-08,66.26213296820325
2026-09-09,65.44252984641918
2026-09-10,67.92126256825013
2026-09-11,67.46648668776764
2026-09-14,68.00338543314561
2026-09-15,67.4573475351117
2026-09-16,67.72351138006067
2026-09-17,66.59334928523222
2026-09-18,66.09138664976
