user_id,days_since_visit,sessions_30d,tickets_30d,tenure_days,churn_next14d
0,28,11,1,152,0
1,2,4,2,669,0
2,7,10,0,463,1
3,7,12,0,82,0
4,6,6,1,53,0
5,28,6,1,441,1
6,1,5,0,712,0
7,29,9,1,93,1
8,10,10,1,355,0
9,29,9,0,121,1
10,16,12,0,444,0
11,3,11,0,426,0
12,6,8,0,197,0
13,17,4,2,244,1
14,14,5,1,291,0
15,5,6,0,633,0
16,2,11,0,656,0
17,19,5,1,144,0
18,10,5,0,352,0
19,26,6,1,162,1
20,6,9,0,313,0
21,17,6,0,680,0
22,3,10,0,359,0
23,20,8,0,149,0
24,21,7,0,583,1
25,21,4,1,207,1
26,28,8,1,698,1
27,29,9,1,592,0
28,24,9,0,289,1
29,3,9,0,527,0
30,9,8,0,642,1
31,25,6,0,259,0
32,16,8,1,635,0
33,1,12,0,399,0
34,25,9,1,221,1
35,13,10,1,357,0
36,7,9,1,310,0
37,16,5,0,258,0
38,11,10,1,676,1
39,19,8,2,175,1
40,15,11,0,723,0
41,25,6,1,610,0
42,20,12,0,117,1
43,25,5,1,627,1
44,20,11,0,486,0
45,26,9,1,560,1
46,13,7,0,33,0
47,13,9,0,132,0
48,19,8,1,177,0
49,14,8,0,359,0
50,19,10,3,309,1
51,19,8,2,169,1
52,1,6,1,203,0
53,23,7,0,557,1
54,12,12,1,596,0
55,18,5,0,54,0
56,6,16,1,702,0
57,7,4,1,212,0
58,22,10,0,560,0
59,20,8,1,351,0
60,6,8,1,198,0
61,16,11,0,17,1
62,26,11,2,165,0
63,29,5,0,484,1
64,27,11,0,355,1
65,5,9,0,691,0
66,0,8,1,125,0
67,9,7,0,340,0
68,27,6,1,367,1
69,2,12,0,689,0
70,21,13,0,368,0
71,19,3,0,460,0
72,15,5,1,81,1
73,21,8,2,365,1
74,11,4,1,569,0
75,13,5,0,536,0
76,26,8,1,192,1
77,26,11,1,612,0
78,17,7,0,62,0
79,28,7,0,60,0
80,14,13,0,532,0
81,6,11,0,581,1
82,23,8,0,93,1
83,2,7,0,289,1
84,5,7,0,22,0
85,10,10,0,627,0
86,24,8,0,446,0
87,8,7,0,552,0
88,22,7,0,149,0
89,7,7,1,624,0
90,28,4,0,701,1
91,26,10,0,710,1
92,0,5,0,60,0
93,29,13,1,48,0
94,28,5,1,86,1
95,4,10,2,47,1
96,17,5,0,487,0
97,11,7,1,215,0
98,2,9,0,426,0
99,15,9,1,616,0
100,4,6,0,309,0
101,27,11,0,722,0
102,16,13,0,185,0
103,14,7,1,44,0
104,2,8,1,94,0
105,20,6,1,471,0
106,11,8,0,313,0
107,9,7,0,201,0
108,14,10,0,16,0
109,16,10,3,329,0
110,10,4,3,657,0
111,4,12,0,614,0
112,29,9,1,540,1
113,2,6,0,660,0
114,2,7,0,666,0
115,21,7,0,665,1
116,27,8,1,88,1
117,13,8,3,46,0
118,13,8,1,285,0
119,15,6,0,692,0
120,0,11,0,303,0
121,22,8,0,254,0
122,10,12,1,17,0
123,26,10,2,632,1
124,23,5,1,411,1
125,15,11,0,234,0
126,21,7,0,491,0
127,3,7,0,599,0
128,0,8,1,595,0
129,5,9,0,477,0
130,25,5,0,659,0
131,21,5,0,346,1
132,12,13,0,574,0
133,9,9,0,482,0
134,14,9,1,276,0
135,19,7,0,236,0
136,18,5,0,726,0
137,6,7,0,536,0
138,15,9,0,274,0
139,2,7,0,339,0
140,13,8,1,720,0
141,13,8,1,179,0
142,20,8,1,509,0
143,13,5,0,181,1
144,3,7,0,304,0
145,7,6,0,108,0
146,20,4,1,21,1
147,6,10,0,269,0
148,5,4,0,625,0
149,5,8,0,113,0
150,26,7,1,367,0
151,16,9,0,282,0
152,12,14,1,693,0
153,22,8,0,506,0
154,15,11,0,85,0
155,27,5,0,602,1
156,1,8,0,689,0
157,23,6,0,67,1
158,3,10,1,200,0
159,12,5,3,665,0
160,22,7,0,585,0
161,22,10,0,524,0
162,11,8,1,612,0
163,0,7,0,155,0
164,8,6,0,78,0
165,7,5,0,18,0
166,14,8,1,585,1
167,17,8,0,47,0
168,29,5,2,468,1
169,29,12,0,624,1
170,5,6,2,319,1
171,4,8,0,573,0
172,14,7,3,585,0
173,26,12,0,103,1
174,22,3,0,328,1
175,2,9,3,624,0
176,5,6,0,52,0
177,22,11,2,608,0
178,15,8,0,599,0
179,7,9,0,420,0
180,0,13,0,117,0
181,4,8,1,142,0
182,0,6,1,532,0
183,19,13,0,169,0
184,25,2,1,136,0
185,26,10,0,258,0
186,9,16,0,168,0
187,24,6,0,495,1
188,13,11,1,619,0
189,0,9,1,347,1
190,14,13,0,82,0
191,1,10,0,26,0
192,23,6,0,51,0
193,20,7,1,681,1
194,26,4,0,282,1
195,25,9,2,712,1
196,18,7,0,699,0
197,13,10,2,659,0
198,19,7,0,474,0
199,18,11,0,305,0
200,2,9,0,541,0
201,8,3,0,555,0
202,19,2,3,72,1
203,25,10,2,522,1
204,3,3,1,474,0
205,10,11,1,75,0
206,0,7,0,491,0
207,13,11,0,589,0
208,14,10,2,328,0
209,9,10,2,670,0
210,26,10,0,525,1
211,16,7,0,412,0
212,3,5,0,206,0
213,25,11,1,27,1
214,22,6,0,120,1
215,2,9,0,291,0
216,10,11,1,443,0
217,9,9,0,95,1
218,1,3,0,449,0
219,13,12,0,20,0
220,17,7,2,244,1
221,16,10,1,334,0
222,13,4,1,389,0
223,12,11,0,120,0
224,13,8,0,357,1
225,29,10,1,527,1
226,4,8,2,109,0
227,0,11,1,537,0
228,16,7,0,397,0
229,6,9,1,77,0
230,14,7,0,725,0
231,21,6,0,372,0
232,7,9,0,134,0
233,1,10,0,34,1
234,8,6,0,461,0
235,8,12,0,53,0
236,4,9,0,267,0
237,5,11,0,435,0
238,17,10,0,279,0
239,20,2,0,694,1
240,19,9,0,696,1
241,6,11,1,564,0
242,14,9,0,327,0
243,18,9,0,531,0
244,11,3,0,260,0
245,4,8,0,155,0
246,20,7,1,245,0
247,0,9,0,618,0
248,16,6,0,218,0
249,20,4,0,636,0
250,18,11,0,164,1
251,20,7,2,167,1
252,0,12,1,296,0
253,19,5,2,455,1
254,21,6,1,600,1
255,6,7,1,531,0
256,21,7,0,139,1
257,7,7,0,504,0
258,21,8,0,525,1
259,29,7,0,44,1
260,10,11,1,418,0
261,1,5,2,205,0
262,14,12,0,614,0
263,13,9,0,563,0
264,4,8,3,15,0
265,13,2,0,21,0
266,0,9,1,509,0
267,25,16,1,434,0
268,18,7,1,526,0
269,21,11,1,703,0
270,11,6,0,541,0
271,11,15,1,396,1
272,25,4,0,69,1
273,4,12,0,124,0
274,13,14,0,322,0
275,20,8,1,110,0
276,3,8,0,110,0
277,24,6,1,96,1
278,5,9,0,316,1
279,19,6,0,581,1
280,5,6,2,158,0
281,27,7,1,418,0
282,5,9,1,169,0
283,23,5,2,159,1
284,27,5,2,172,1
285,21,9,1,509,0
286,25,9,0,161,0
287,27,5,0,261,0
288,7,3,0,537,0
289,28,9,0,248,0
290,10,9,0,248,0
291,20,9,2,621,1
292,5,17,0,685,0
293,16,13,0,96,0
294,4,5,0,195,0
295,9,5,0,66,0
296,23,10,0,165,0
297,24,8,0,143,1
298,7,7,0,467,0
299,26,10,0,409,1
300,4,5,0,316,1
301,23,5,0,726,1
302,9,7,1,726,0
303,28,16,0,198,0
304,21,12,0,353,1
305,5,6,0,299,0
306,11,10,1,523,0
307,17,9,0,535,0
308,23,6,0,388,0
309,14,9,0,121,0
310,29,8,2,172,0
311,27,6,0,391,0
312,8,6,1,417,0
313,15,9,0,282,0
314,0,6,0,723,0
315,10,11,0,577,1
316,27,9,0,63,1
317,8,6,1,168,0
318,15,10,2,514,0
319,4,9,0,425,0
320,2,10,0,306,1
321,25,4,2,227,1
322,20,9,0,373,0
323,4,9,1,608,0
324,8,6,0,682,0
325,14,12,0,323,0
326,20,12,1,541,0
327,4,3,2,663,0
328,23,7,0,222,1
329,10,8,0,367,0
330,29,5,0,537,1
331,4,10,1,411,0
332,1,11,0,378,0
333,19,6,1,510,0
334,11,10,0,603,0
335,8,8,3,131,0
336,19,7,1,445,1
337,24,7,0,52,1
338,1,9,0,46,0
339,5,5,0,651,0
340,8,10,1,479,0
341,23,7,2,689,0
342,22,8,1,574,0
343,28,9,1,55,0
344,2,8,0,429,0
345,10,4,0,700,0
346,17,5,0,309,0
347,15,6,1,621,0
348,7,8,1,207,0
349,21,14,1,379,1
350,7,8,0,371,0
351,8,7,0,328,1
352,7,4,0,473,0
353,27,8,1,284,1
354,13,8,0,387,0
355,12,7,0,391,0
356,3,11,0,339,0
357,24,4,1,418,1
358,16,7,1,629,1
359,9,7,0,474,0
360,28,7,1,537,0
361,13,5,1,279,1
362,29,10,1,674,1
363,8,4,0,121,0
364,22,14,1,150,0
365,5,8,2,501,0
366,0,7,1,581,0
367,21,7,1,491,0
368,19,4,0,653,1
369,25,7,1,637,1
370,26,9,2,84,0
371,25,5,0,726,0
372,19,13,0,494,0
373,29,5,1,469,1
374,10,6,1,458,0
375,27,7,1,517,0
376,7,7,0,513,0
377,4,13,1,385,0
378,3,8,1,297,0
379,25,12,0,166,0
380,16,8,1,133,0
381,20,9,0,21,0
382,12,5,0,489,0
383,16,9,0,627,0
384,10,11,0,304,0
385,19,7,2,192,1
386,8,10,0,233,0
387,24,8,0,26,1
388,7,5,0,320,0
389,9,12,0,297,0
390,16,5,2,432,1
391,23,9,0,494,1
392,10,10,0,711,0
393,17,7,2,241,1
394,24,13,1,260,1
395,4,6,3,343,0
396,15,7,0,642,0
397,9,10,2,379,0
398,18,9,2,243,1
399,27,7,1,669,1
400,23,10,0,655,0
401,23,11,2,571,0
402,4,11,0,285,0
403,28,13,0,101,0
404,2,9,0,695,0
405,2,4,2,706,0
406,25,9,0,423,0
407,0,8,0,108,0
408,16,7,1,722,0
409,18,6,1,46,1
410,12,8,0,112,0
411,25,3,0,644,1
412,22,7,1,702,1
413,3,14,0,435,0
414,15,7,0,42,1
415,29,6,1,69,1
416,9,8,1,469,0
417,12,7,1,467,0
418,21,9,1,666,0
419,16,7,0,256,0
420,23,9,1,200,0
421,22,4,0,71,1
422,7,9,2,265,0
423,20,7,0,98,0
424,19,6,0,701,0
425,16,12,0,486,0
426,6,7,2,417,0
427,8,9,0,675,0
428,28,7,1,263,1
429,27,13,0,45,0
430,12,4,1,326,0
431,14,7,2,116,1
432,6,11,1,438,0
433,2,8,0,96,0
434,16,12,0,670,0
435,13,7,0,36,0
436,27,10,0,138,0
437,12,6,1,469,0
438,29,10,3,190,1
439,4,9,0,619,0
440,23,4,0,296,0
441,19,5,0,112,0
442,8,8,0,322,0
443,8,8,0,188,0
444,24,7,0,712,0
445,18,7,1,205,1
446,8,10,1,93,0
447,1,7,0,388,0
448,23,8,1,117,1
449,24,4,2,78,1
450,24,6,1,144,0
451,15,7,0,371,0
452,10,8,1,139,0
453,26,8,3,486,1
454,16,4,0,685,0
455,0,9,1,209,0
456,6,9,3,714,0
457,26,7,1,288,1
458,28,12,3,351,0
459,26,10,0,699,0
460,6,5,1,584,0
461,3,18,0,60,0
462,15,12,3,237,0
463,3,9,0,492,0
464,26,10,3,602,1
465,23,12,0,545,0
466,17,7,0,182,0
467,24,8,0,383,1
468,29,9,2,73,1
469,20,6,0,244,0
470,22,10,1,242,0
471,3,7,1,114,0
472,21,15,1,566,0
473,1,6,0,406,0
474,2,8,1,255,0
475,28,11,1,528,1
476,17,5,1,405,1
477,10,9,1,248,0
478,22,8,2,729,1
479,18,9,0,53,0
480,9,10,2,227,0
481,11,8,0,502,0
482,10,7,0,267,0
483,26,10,0,533,0
484,1,5,0,122,0
485,26,5,2,168,1
486,0,9,0,129,0
487,5,7,0,680,0
488,9,6,0,286,0
489,12,8,1,53,0
490,3,7,1,80,1
491,23,7,1,155,0
492,18,6,1,47,0
493,25,9,1,242,1
494,1,6,0,671,0
495,0,6,0,455,0
496,7,8,0,304,0
497,23,6,0,415,1
498,5,6,0,264,0
499,5,6,1,726,0
500,11,5,3,673,0
501,12,9,1,335,0
502,8,9,0,49,0
503,18,5,1,334,1
504,27,7,0,163,1
505,8,7,0,224,0
506,19,8,0,302,0
507,9,6,0,351,0
508,28,6,1,668,1
509,14,7,1,513,1
510,21,5,0,48,1
511,25,9,1,230,1
512,7,8,0,99,0
513,24,6,1,149,1
514,15,9,1,199,0
515,1,6,0,546,0
516,4,9,1,16,0
517,4,6,0,432,0
518,7,10,1,359,0
519,24,3,0,377,1
520,9,9,0,621,0
521,4,7,1,620,0
522,16,11,0,42,0
523,13,11,0,492,0
524,2,8,2,383,0
525,26,8,0,195,1
526,26,4,0,567,1
527,11,7,0,146,0
528,11,8,1,343,0
529,13,7,2,311,0
530,24,8,2,136,1
531,12,10,0,140,0
532,15,11,0,442,0
533,28,10,0,677,1
534,16,9,2,569,0
535,23,4,2,533,1
536,18,4,0,93,0
537,12,8,2,422,0
538,12,7,0,573,0
539,23,9,2,699,0
540,22,9,0,547,1
541,21,8,2,113,1
542,15,10,0,270,1
543,17,8,1,271,1
544,17,5,0,380,1
545,6,9,0,135,0
546,11,6,0,517,0
547,10,8,1,556,0
548,16,9,0,702,0
549,6,6,0,538,0
550,17,6,0,84,0
551,25,11,1,260,1
552,19,9,1,392,0
553,27,10,0,56,0
554,0,7,0,39,0
555,23,11,2,155,0
556,9,7,0,530,0
557,19,6,1,453,0
558,23,12,0,583,0
559,27,7,2,617,1
560,1,8,0,452,0
561,6,5,1,480,0
562,24,12,1,431,0
563,2,7,1,246,0
564,22,9,0,138,0
565,7,6,0,546,0
566,18,7,1,170,0
567,24,8,0,129,0
568,11,8,0,262,0
569,3,12,1,30,0
570,25,10,1,250,0
571,29,8,0,113,0
572,14,10,1,134,0
573,22,7,1,58,0
574,20,8,1,639,1
575,6,7,0,554,0
576,1,7,0,380,0
577,16,7,0,341,0
578,8,7,0,92,0
579,23,9,1,311,1
580,3,6,0,112,0
581,1,11,0,134,0
582,3,10,1,511,0
583,1,10,3,371,0
584,7,5,1,441,0
585,4,8,0,413,0
586,15,6,0,596,0
587,14,7,0,189,0
588,1,8,0,239,0
589,20,7,0,509,0
590,3,4,1,402,0
591,4,6,2,498,0
592,5,10,0,345,0
593,11,10,0,675,0
594,7,11,3,115,0
595,18,7,0,437,1
596,21,5,1,453,1
597,26,4,0,135,0
598,0,5,2,189,0
599,6,3,1,425,0
600,2,7,0,232,0
601,25,8,0,264,0
602,14,7,0,126,0
603,6,5,1,135,0
604,11,6,1,645,0
605,10,8,1,181,0
606,0,5,1,405,0
607,27,3,0,546,1
608,9,8,0,686,0
609,20,8,0,72,1
610,23,9,1,137,1
611,0,11,1,168,0
612,14,10,2,330,0
613,3,6,0,520,0
614,7,6,1,118,0
615,8,6,0,240,0
616,15,11,1,169,0
617,29,8,1,647,0
618,7,9,1,102,0
619,3,6,0,69,0
620,16,9,0,695,0
621,20,5,0,408,1
622,0,6,1,129,0
623,29,4,0,611,0
624,15,6,0,379,0
625,24,6,1,124,1
626,26,9,1,28,1
627,10,10,3,564,0
628,15,8,1,57,0
629,7,10,0,449,0
630,21,10,2,419,1
631,2,12,0,571,0
632,7,12,1,677,0
633,23,9,2,562,1
634,10,3,0,129,0
635,2,5,1,95,0
636,8,8,0,355,0
637,4,10,0,614,0
638,15,6,2,376,1
639,19,11,1,165,0
640,5,9,0,602,0
641,14,9,0,504,0
642,3,5,1,185,0
643,15,5,1,338,0
644,20,10,0,727,1
645,17,9,0,65,0
646,29,5,0,559,1
647,28,10,1,85,1
648,21,7,0,50,1
649,3,9,1,456,1
650,14,2,1,613,0
651,29,7,1,139,1
652,16,10,1,628,0
653,18,10,0,22,0
654,20,5,0,53,1
655,23,9,1,328,0
656,17,12,1,47,0
657,5,4,0,269,0
658,16,8,1,328,0
659,5,5,1,703,0
660,11,6,0,655,1
661,15,6,0,650,0
662,25,8,2,470,1
663,10,8,1,573,0
664,23,9,0,579,1
665,17,10,0,665,0
666,3,9,0,518,0
667,28,5,1,36,1
668,20,4,1,31,0
669,19,7,1,141,0
670,26,12,1,649,1
671,10,11,0,101,0
672,13,12,1,707,0
673,4,10,1,691,0
674,3,7,1,504,0
675,0,7,0,489,0
676,9,8,0,245,0
677,1,9,0,136,0
678,25,9,1,336,1
679,4,9,0,60,0
680,17,10,0,498,0
681,20,7,0,366,1
682,3,8,1,350,0
683,5,9,0,217,0
684,16,5,0,113,0
685,8,11,2,611,0
686,2,9,0,566,0
687,9,6,0,451,0
688,25,5,0,497,1
689,8,4,1,468,0
690,26,3,2,325,1
691,5,9,0,708,0
692,9,5,0,208,0
693,2,11,0,437,0
694,18,7,0,255,0
695,17,8,0,602,0
696,26,6,1,351,1
697,29,5,2,479,1
698,8,8,1,256,0
699,17,10,0,341,0
700,9,13,0,114,1
701,17,13,0,484,1
702,18,8,0,169,1
703,22,9,0,426,0
704,26,8,0,359,1
705,13,6,2,156,1
706,13,5,0,484,0
707,4,9,1,441,0
708,8,6,1,700,0
709,11,7,0,152,0
710,0,9,0,445,0
711,20,9,1,705,1
712,13,7,1,702,0
713,28,5,0,646,0
714,18,7,2,261,0
715,9,17,0,356,0
716,11,10,1,307,0
717,26,9,0,371,0
718,29,6,0,718,0
719,23,7,0,376,0
720,4,12,0,433,0
721,27,6,0,213,0
722,18,6,2,143,1
723,10,6,0,687,0
724,12,8,0,20,0
725,19,12,1,22,0
726,21,6,0,284,0
727,7,6,0,410,0
728,10,5,0,430,0
729,7,10,0,492,0
730,11,8,0,152,0
731,2,14,0,587,0
732,0,9,0,184,0
733,11,5,0,91,0
734,3,5,1,97,0
735,1,7,0,683,0
736,0,5,1,131,0
737,26,12,1,706,0
738,7,7,1,431,0
739,17,10,1,578,0
740,7,10,0,54,0
741,3,11,2,411,0
742,19,8,0,88,0
743,21,7,0,625,0
744,29,5,2,505,1
745,14,9,1,444,0
746,12,8,2,526,0
747,9,7,2,670,0
748,26,9,0,596,0
749,12,14,0,443,0
750,3,11,0,720,0
751,3,6,1,308,1
752,8,4,0,80,0
753,3,7,0,509,0
754,4,10,1,92,1
755,7,6,0,86,0
756,11,10,0,234,0
757,24,8,1,367,0
758,2,10,1,267,0
759,28,6,1,141,1
760,9,11,1,73,0
761,11,6,3,270,0
762,29,5,0,323,1
763,10,6,0,358,0
764,8,4,0,281,0
765,12,10,0,438,0
766,17,10,2,222,1
767,26,9,0,119,0
768,22,5,0,223,1
769,25,7,1,486,0
770,16,7,0,347,0
771,4,11,0,501,0
772,15,4,2,167,1
773,12,9,2,331,0
774,2,4,1,113,0
775,1,7,0,80,0
776,20,3,0,612,1
777,21,8,1,275,0
778,24,7,0,195,0
779,10,6,0,475,0
780,9,8,1,168,1
781,2,9,1,597,0
782,10,4,0,648,0
783,22,8,0,616,1
784,14,6,0,141,1
785,2,4,0,462,0
786,5,7,0,666,0
787,15,5,1,675,1
788,15,9,1,28,0
789,10,5,2,328,0
790,4,9,1,121,0
791,28,9,1,305,1
792,25,7,2,413,0
793,23,9,1,669,1
794,8,8,1,270,0
795,26,5,1,97,1
796,3,8,0,28,0
797,7,14,0,502,0
798,20,8,0,716,0
799,25,12,0,119,1
800,5,7,0,696,0
801,16,12,0,35,0
802,21,3,1,32,1
803,24,9,2,221,0
804,9,11,0,521,0
805,18,11,1,472,0
806,13,10,1,630,0
807,9,8,1,691,0
808,26,7,0,609,1
809,7,6,0,479,0
810,20,5,1,267,1
811,5,11,1,673,0
812,28,5,1,366,1
813,19,12,1,470,0
814,20,11,1,559,1
815,2,8,1,546,0
816,3,10,0,64,0
817,19,8,1,20,1
818,27,3,0,296,1
819,2,7,0,243,0
820,14,7,0,633,0
821,24,12,0,207,1
822,0,12,0,190,0
823,24,8,1,479,0
824,24,5,1,442,1
825,19,7,0,67,0
826,26,9,0,94,0
827,15,9,2,364,1
828,23,7,1,312,1
829,21,10,4,342,0
830,5,8,0,514,1
831,0,12,0,50,0
832,6,3,0,699,0
833,7,10,1,517,0
834,29,7,1,440,1
835,5,12,0,649,0
836,3,8,0,17,0
837,29,10,1,472,1
838,8,13,2,88,0
839,19,10,2,250,1
840,26,10,0,389,0
841,28,12,0,698,1
842,13,17,0,270,0
843,1,9,0,693,0
844,29,7,0,476,1
845,1,4,0,396,0
846,21,5,1,135,1
847,3,6,1,397,0
848,26,14,0,219,0
849,9,10,0,151,1
850,24,13,0,440,0
851,19,7,0,623,0
852,8,5,0,80,0
853,26,8,1,84,1
854,6,6,0,189,0
855,5,7,0,130,1
856,21,4,0,685,0
857,28,6,1,668,0
858,21,9,1,239,0
859,14,8,1,64,0
860,15,3,1,609,1
861,28,8,0,255,1
862,18,7,0,137,1
863,8,5,1,565,0
864,5,4,0,305,0
865,18,11,0,499,0
866,24,4,2,315,1
867,20,4,0,707,1
868,11,7,1,697,0
869,23,11,0,583,0
870,18,6,0,526,0
871,19,12,1,546,1
872,8,7,2,79,0
873,28,3,0,371,1
874,19,12,1,278,0
875,2,7,1,723,0
876,6,14,1,158,0
877,8,10,0,710,0
878,12,9,0,714,0
879,3,6,2,675,0
880,2,9,0,383,0
881,9,7,2,672,0
882,7,7,0,455,0
883,20,11,1,517,0
884,6,8,0,200,0
885,0,6,0,364,0
886,8,11,1,679,0
887,3,9,1,684,0
888,2,8,0,362,0
889,28,8,0,406,1
890,20,8,0,428,0
891,20,18,1,307,0
892,6,8,0,717,0
893,25,7,0,56,0
894,8,4,2,562,0
895,22,9,0,352,0
896,27,10,2,714,0
897,22,10,0,228,1
898,29,7,0,725,0
899,5,10,0,78,0
900,11,11,2,646,0
901,5,12,0,491,0
902,12,4,0,215,0
903,11,10,1,495,0
904,25,7,1,274,1
905,4,8,0,33,0
906,18,7,1,96,0
907,27,7,2,423,0
908,24,11,0,130,0
909,24,9,0,97,0
910,9,9,0,162,0
911,4,8,0,45,0
912,1,6,0,84,0
913,12,11,1,107,0
914,6,8,1,76,0
915,2,12,2,285,0
916,1,9,0,143,0
917,27,7,1,383,1
918,25,5,0,29,1
919,7,10,1,717,0
920,15,10,0,16,0
921,0,3,1,530,0
922,14,13,0,123,0
923,5,5,2,633,0
924,10,6,0,77,0
925,18,11,0,68,0
926,8,8,0,434,1
927,1,3,1,270,0
928,5,9,0,156,0
929,25,9,0,556,1
930,8,8,1,698,0
931,27,4,2,209,0
932,0,5,0,316,0
933,20,5,0,41,1
934,15,10,0,293,0
935,0,7,1,267,0
936,10,5,0,556,0
937,2,5,0,472,0
938,15,7,0,501,0
939,11,6,0,625,0
940,21,7,0,88,1
941,17,10,0,77,0
942,13,7,0,35,1
943,29,9,1,436,1
944,9,6,1,661,1
945,13,8,0,161,0
946,8,10,1,115,0
947,18,9,3,195,0
948,5,7,0,70,0
949,22,8,1,51,1
950,1,7,0,629,0
951,3,9,1,398,0
952,19,5,2,728,0
953,9,5,1,364,0
954,19,4,1,265,1
955,29,7,0,284,1
956,18,9,0,118,0
957,6,10,0,449,0
958,23,11,0,192,0
959,29,10,0,228,0
960,15,5,1,216,0
961,25,12,0,497,0
962,22,8,1,601,0
963,25,6,0,250,1
964,27,5,0,578,1
965,9,7,1,579,0
966,2,8,4,385,0
967,21,8,1,89,1
968,9,4,0,536,0
969,20,8,0,554,0
970,5,10,1,662,0
971,8,10,0,661,0
972,16,7,1,593,1
973,24,10,0,498,0
974,7,13,1,277,0
975,26,11,0,674,0
976,3,5,0,390,0
977,23,11,3,138,1
978,22,8,0,635,0
979,14,6,0,157,1
980,14,6,1,643,0
981,15,11,2,716,0
982,3,11,0,266,0
983,28,10,1,548,1
984,15,8,1,262,0
985,13,9,1,366,0
986,28,10,0,74,0
987,21,6,1,32,1
988,7,6,0,298,0
989,13,4,0,703,0
990,18,6,0,169,0
991,12,7,0,524,0
992,11,11,0,468,0
993,0,7,1,536,0
994,9,6,0,181,0
995,17,11,4,305,0
996,25,7,1,558,0
997,14,12,0,171,0
998,10,5,2,246,1
999,16,10,0,303,1
1000,24,8,1,25,1
1001,27,8,0,427,1
1002,25,8,2,151,0
1003,24,12,1,204,1
1004,14,8,1,193,0
1005,14,5,0,111,1
1006,24,8,0,27,1
1007,14,9,2,389,0
1008,10,8,0,593,0
1009,21,10,2,172,1
1010,16,10,1,352,1
1011,22,5,1,306,1
1012,7,9,0,135,1
1013,24,6,0,151,0
1014,9,6,0,242,0
1015,26,6,0,96,0
1016,9,5,0,437,0
1017,5,8,1,182,0
1018,24,9,1,702,1
1019,3,9,0,401,0
1020,2,8,0,373,0
1021,24,6,1,505,1
1022,8,9,2,623,0
1023,9,12,0,625,0
1024,25,4,3,587,1
1025,6,8,0,51,0
1026,11,5,0,339,0
1027,5,6,1,481,0
1028,15,8,1,82,1
1029,4,6,2,459,0
1030,13,8,0,250,0
1031,15,9,1,381,1
1032,11,9,0,37,0
1033,7,6,0,449,0
1034,13,9,0,318,0
1035,28,10,1,32,1
1036,8,9,0,96,0
1037,26,7,0,611,0
1038,8,7,1,619,0
1039,16,6,0,595,0
1040,12,6,1,401,0
1041,18,11,3,603,0
1042,7,12,2,52,1
1043,6,6,2,313,0
1044,14,4,1,241,1
1045,22,8,1,343,0
1046,16,9,1,223,0
1047,6,8,0,72,0
1048,26,9,0,133,1
1049,29,8,0,489,0
1050,21,9,1,336,0
1051,22,7,2,352,1
1052,10,6,1,296,0
1053,21,5,2,360,1
1054,20,11,0,177,0
1055,25,8,1,33,1
1056,26,7,0,138,0
1057,2,8,1,600,0
1058,26,8,0,551,1
1059,27,5,1,249,1
1060,7,8,2,466,0
1061,11,10,0,307,0
1062,6,7,1,403,0
1063,29,6,2,350,1
1064,11,6,0,55,0
1065,18,11,1,600,0
1066,26,10,1,341,1
1067,26,5,0,434,1
1068,21,9,0,543,0
1069,15,10,0,211,1
1070,12,12,1,359,0
1071,28,10,1,421,1
1072,2,10,0,243,0
1073,6,7,0,445,0
1074,9,5,1,334,0
1075,20,12,1,506,0
1076,20,10,0,634,0
1077,26,7,0,469,1
1078,25,5,0,265,1
1079,21,10,0,41,1
1080,18,13,1,633,0
1081,5,3,0,398,0
1082,10,7,0,127,0
1083,10,11,1,671,0
1084,29,4,1,69,1
1085,4,9,1,211,0
1086,22,5,1,500,1
1087,11,9,0,309,0
1088,9,7,0,460,1
1089,16,6,2,385,0
1090,7,5,0,600,0
1091,6,6,0,314,0
1092,5,5,0,188,0
1093,25,3,1,485,1
1094,1,9,1,278,0
1095,23,5,2,538,1
1096,24,8,0,557,0
1097,24,6,0,427,1
1098,0,7,0,670,0
1099,26,7,0,122,0
1100,11,13,0,168,0
1101,3,7,1,301,0
1102,11,8,1,563,0
1103,19,7,0,43,1
1104,2,9,0,416,0
1105,16,9,0,236,0
1106,25,9,0,276,1
1107,27,8,0,218,1
1108,10,7,4,198,0
1109,0,10,0,370,0
1110,4,7,1,467,0
1111,19,4,1,29,0
1112,16,14,1,495,0
1113,17,4,2,320,1
1114,27,6,2,259,1
1115,0,9,0,299,0
1116,0,5,2,132,0
1117,29,11,1,231,0
1118,5,7,0,21,0
1119,20,8,1,117,1
1120,10,12,1,63,0
1121,12,8,1,630,0
1122,14,5,1,427,0
1123,16,6,0,185,0
1124,19,7,0,402,0
1125,0,10,1,92,0
1126,17,7,0,184,0
1127,1,7,1,224,0
1128,13,14,0,450,0
1129,2,11,1,720,0
1130,15,4,0,335,0
1131,6,10,0,555,0
1132,15,5,0,641,1
1133,26,15,1,685,0
1134,19,5,0,191,1
1135,3,5,0,171,0
1136,9,11,0,487,0
1137,22,8,0,306,0
1138,25,9,0,726,0
1139,9,6,0,21,0
1140,6,8,2,394,0
1141,8,8,1,137,0
1142,21,8,0,151,0
1143,2,11,1,241,0
1144,15,4,0,620,1
1145,14,7,1,104,0
1146,18,7,0,587,1
1147,5,7,2,704,0
1148,24,14,0,241,1
1149,16,7,0,41,0
1150,5,8,0,408,0
1151,3,9,1,295,0
1152,13,6,2,45,0
1153,25,6,1,609,1
1154,15,5,0,671,0
1155,17,5,1,599,0
1156,19,6,1,254,0
1157,0,5,2,671,0
1158,2,8,0,550,0
1159,28,5,3,683,0
1160,20,11,1,234,1
1161,6,11,0,231,0
1162,12,9,1,482,0
1163,0,7,0,70,0
1164,21,8,1,693,0
1165,12,13,1,122,0
1166,11,3,1,352,1
1167,24,13,1,724,0
1168,13,12,1,86,0
1169,1,10,0,167,0
1170,11,9,2,697,1
1171,9,7,1,293,0
1172,16,9,1,394,0
1173,8,6,1,688,0
1174,21,5,0,376,1
1175,27,6,0,596,0
1176,4,5,0,498,0
1177,6,6,0,459,0
1178,11,6,0,536,0
1179,7,7,0,126,0
1180,10,9,0,611,0
1181,20,8,2,364,1
1182,22,9,0,553,0
1183,5,8,1,469,0
1184,17,10,1,615,0
1185,11,12,0,240,0
1186,8,10,1,599,0
1187,4,4,3,354,0
1188,22,13,1,661,0
1189,1,5,0,498,0
1190,12,5,0,251,1
1191,14,4,1,577,0
1192,28,5,0,502,1
1193,24,6,1,273,0
1194,6,10,2,249,0
1195,28,11,1,104,0
1196,13,5,3,710,1
1197,17,12,1,566,0
1198,24,11,1,627,1
1199,8,7,0,88,0
1200,9,5,1,401,0
1201,28,11,1,506,0
1202,27,6,0,150,0
1203,28,7,1,488,1
1204,9,6,1,135,0
1205,23,10,0,680,0
1206,13,10,0,455,1
1207,23,5,0,258,1
1208,10,9,0,610,0
1209,27,4,0,609,1
1210,29,3,0,115,1
1211,22,5,1,98,1
1212,9,8,1,293,0
1213,25,11,0,728,0
1214,21,8,1,323,1
1215,21,6,0,429,0
1216,27,10,0,353,0
1217,20,6,0,576,0
1218,7,13,1,277,0
1219,14,9,0,15,0
1220,16,12,0,618,0
1221,8,9,0,201,0
1222,7,10,0,474,1
1223,26,11,1,172,1
1224,2,11,0,417,0
1225,13,2,1,134,1
1226,20,5,3,172,1
1227,8,10,1,396,0
1228,3,5,2,286,0
1229,6,6,3,69,0
1230,15,12,1,92,1
1231,20,7,0,659,0
1232,29,8,1,151,1
1233,6,6,1,70,0
1234,12,7,0,697,0
1235,5,12,0,102,0
1236,23,9,1,588,0
1237,20,9,2,406,1
1238,20,10,0,560,0
1239,3,6,0,177,0
1240,10,7,0,85,0
1241,16,6,1,128,1
1242,19,8,0,35,0
1243,22,9,0,271,0
1244,4,7,1,300,0
1245,12,5,0,517,0
1246,2,5,2,718,0
1247,22,5,1,245,1
1248,14,5,1,592,0
1249,10,10,0,584,0
1250,8,7,1,604,0
1251,5,11,0,202,0
1252,20,8,0,191,1
1253,28,14,0,467,0
1254,27,6,1,307,1
1255,27,6,0,63,1
1256,14,7,0,569,0
1257,1,5,0,26,0
1258,19,8,0,455,0
1259,26,5,0,577,1
1260,12,12,0,396,0
1261,19,9,0,349,0
1262,15,7,1,704,0
1263,6,10,0,15,0
1264,21,3,1,522,1
1265,14,4,0,511,0
1266,16,10,0,162,1
1267,2,8,0,212,0
1268,2,11,1,727,0
1269,2,8,1,243,0
1270,18,13,0,651,0
1271,15,13,1,306,0
1272,26,7,0,495,0
1273,7,6,0,432,0
1274,19,12,0,215,0
1275,26,9,1,156,1
1276,27,8,0,134,1
1277,25,9,0,503,0
1278,7,6,0,310,0
1279,11,11,1,265,1
1280,12,5,0,229,1
1281,29,6,0,321,1
1282,1,5,0,64,0
1283,25,6,0,595,0
1284,13,4,1,326,1
1285,4,7,2,468,0
1286,18,6,0,454,1
1287,13,8,0,84,0
1288,13,3,0,369,0
1289,17,8,0,458,1
1290,8,5,0,262,0
1291,0,6,5,215,1
1292,3,9,0,430,0
1293,0,11,0,416,0
1294,13,5,0,401,0
1295,21,5,0,199,1
1296,0,8,0,119,0
1297,5,8,1,27,0
1298,15,9,2,534,0
1299,29,9,0,147,1
1300,22,5,0,299,1
1301,10,9,0,24,0
1302,5,9,1,90,0
1303,18,7,0,464,0
1304,7,7,0,634,0
1305,9,9,1,589,0
1306,14,10,1,433,0
1307,4,6,0,657,0
1308,20,9,1,332,0
1309,10,10,2,120,0
1310,18,7,1,551,1
1311,9,5,1,229,0
1312,14,4,1,605,0
1313,4,11,0,262,0
1314,2,10,0,548,0
1315,28,11,0,692,0
1316,3,8,1,449,0
1317,19,5,0,64,1
1318,27,5,0,603,1
1319,13,5,1,341,0
1320,13,12,2,564,0
1321,26,8,1,258,1
1322,13,8,0,634,1
1323,11,5,1,184,0
1324,15,4,0,153,0
1325,12,6,0,282,0
1326,12,11,0,473,0
1327,23,12,2,497,0
1328,10,7,1,323,1
1329,5,5,0,496,0
1330,17,7,2,180,0
1331,29,8,1,137,1
1332,26,13,0,317,0
1333,23,9,1,256,0
1334,2,7,0,205,0
1335,15,6,1,644,0
1336,22,10,0,710,0
1337,17,9,1,186,0
1338,18,7,1,407,0
1339,28,10,1,430,1
1340,11,11,2,284,0
1341,27,10,1,531,1
1342,25,5,0,642,0
1343,3,8,0,697,0
1344,13,10,0,703,1
1345,20,7,1,439,0
1346,21,10,0,638,0
1347,2,8,0,703,0
1348,26,12,0,432,1
1349,9,4,1,639,0
1350,5,7,1,400,0
1351,1,7,1,154,0
1352,4,11,0,364,0
1353,13,10,1,531,0
1354,26,7,0,549,0
1355,18,3,0,31,1
1356,21,6,0,228,0
1357,8,10,0,256,0
1358,12,10,1,597,0
1359,1,11,0,684,0
1360,24,8,0,655,0
1361,15,5,1,148,0
1362,15,6,2,462,0
1363,6,8,0,66,0
1364,1,10,1,319,0
1365,12,5,0,585,0
1366,6,15,2,458,0
1367,25,8,2,190,1
1368,18,4,0,29,0
1369,3,7,0,700,0
1370,14,9,0,702,0
1371,25,6,0,148,1
1372,4,9,1,323,0
1373,29,9,0,522,1
1374,2,8,0,673,0
1375,14,9,0,683,0
1376,12,5,0,78,1
1377,24,9,2,143,1
1378,9,9,0,329,0
1379,20,7,0,538,0
1380,29,15,1,706,0
1381,4,7,0,237,0
1382,17,4,0,638,1
1383,16,9,1,721,0
1384,27,7,0,219,1
1385,16,7,2,682,0
1386,7,8,0,169,0
1387,18,9,1,468,1
1388,25,7,0,50,1
1389,16,10,0,250,0
1390,23,8,1,191,1
1391,7,9,1,407,0
1392,16,8,0,463,0
1393,11,5,0,653,0
1394,25,6,0,522,0
1395,13,11,0,306,0
1396,14,7,1,156,0
1397,28,11,0,284,1
1398,5,6,1,317,0
1399,16,8,1,628,0
1400,2,9,1,645,0
1401,17,8,1,86,0
1402,19,7,1,623,0
1403,28,10,1,394,0
1404,6,7,0,380,0
1405,6,3,1,447,0
1406,6,9,2,529,0
1407,21,8,0,354,0
1408,25,10,1,259,0
1409,7,9,1,428,1
1410,23,10,0,701,0
1411,15,9,0,673,0
1412,16,5,1,261,0
1413,10,8,3,511,1
1414,28,7,1,692,0
1415,4,6,0,570,0
1416,13,10,0,57,0
1417,4,8,1,363,0
1418,29,9,0,271,0
1419,17,4,0,557,0
1420,1,11,0,52,0
1421,20,9,0,107,0
1422,3,6,1,610,0
1423,7,11,1,727,1
1424,16,9,0,539,0
1425,3,8,0,408,0
1426,3,10,1,226,0
1427,15,5,3,310,1
1428,0,9,0,149,0
1429,16,4,0,249,0
1430,29,8,0,171,1
1431,11,4,0,456,0
1432,3,7,1,199,1
1433,22,6,0,161,0
1434,0,11,1,512,0
1435,20,6,0,498,0
1436,18,11,1,151,1
1437,27,13,0,612,0
1438,24,6,0,621,1
1439,29,7,1,507,0
1440,14,9,0,703,0
1441,3,8,0,250,1
1442,13,7,0,18,0
1443,4,8,1,473,0
1444,5,7,0,509,0
1445,7,9,1,566,0
1446,22,10,1,554,0
1447,16,8,1,510,0
1448,6,8,2,636,0
1449,5,6,1,393,0
1450,11,6,1,186,0
1451,22,7,1,412,1
1452,29,5,1,725,1
1453,0,4,1,154,0
1454,2,8,0,554,0
1455,13,12,0,155,0
1456,0,6,0,555,1
1457,13,9,1,312,0
1458,3,14,0,359,0
1459,3,9,1,594,0
1460,1,9,0,415,0
1461,14,11,0,381,0
1462,1,8,0,630,0
1463,12,11,1,371,0
1464,4,18,1,664,0
1465,26,8,2,170,1
1466,19,11,1,280,0
1467,18,10,1,42,0
1468,0,11,0,596,0
1469,23,6,2,157,1
1470,25,4,0,103,0
1471,26,6,1,451,1
1472,13,7,0,364,0
1473,22,9,0,570,0
1474,25,7,0,480,0
1475,20,5,0,260,0
1476,1,6,0,621,0
1477,15,6,1,248,0
1478,4,8,1,122,0
1479,29,5,0,658,1
1480,9,7,1,286,0
1481,19,7,0,504,0
1482,7,7,1,88,0
1483,21,9,2,708,1
1484,19,6,0,237,1
1485,5,9,1,194,0
1486,17,8,0,215,1
1487,2,8,0,113,0
1488,26,10,1,624,0
1489,17,4,0,723,0
1490,27,13,1,116,0
1491,29,10,2,263,1
1492,3,7,0,308,0
1493,21,10,0,725,0
1494,1,8,0,511,0
1495,26,6,0,323,1
1496,0,5,0,62,0
1497,11,5,0,191,0
1498,25,4,0,402,1
1499,12,7,0,54,0
1500,23,9,0,106,1
1501,14,8,0,111,0
1502,17,6,0,495,0
1503,27,10,0,107,0
1504,7,5,1,377,0
1505,13,6,0,159,0
1506,17,9,1,672,0
1507,6,12,1,714,0
1508,29,8,0,74,0
1509,28,9,0,346,0
1510,13,15,0,437,0
1511,1,10,1,312,0
1512,18,8,0,275,1
1513,7,6,1,267,1
1514,14,4,0,340,0
1515,5,11,0,697,0
1516,4,9,1,231,0
1517,29,11,1,207,1
1518,29,8,0,422,0
1519,4,11,0,248,0
1520,4,6,1,551,0
1521,3,9,1,125,0
1522,19,4,1,311,1
1523,28,4,1,420,1
1524,18,4,1,640,0
1525,5,10,1,654,0
1526,3,12,0,33,0
1527,17,9,0,94,1
1528,19,6,1,578,1
1529,21,8,0,693,1
1530,28,11,1,191,1
1531,26,8,1,544,1
1532,20,4,1,256,1
1533,13,12,0,142,0
1534,16,6,0,642,0
1535,15,4,1,311,0
1536,24,6,1,44,1
1537,28,5,0,207,1
1538,11,13,0,326,0
1539,1,5,2,569,0
1540,18,9,0,539,0
1541,15,7,0,538,0
1542,16,9,1,126,0
1543,17,8,1,37,0
1544,27,9,0,538,0
1545,18,8,1,412,0
1546,27,6,0,557,0
1547,2,5,2,653,1
1548,23,5,0,375,0
1549,2,7,0,144,0
1550,4,5,1,533,0
1551,27,7,0,411,0
1552,28,5,1,710,1
1553,21,8,3,422,0
1554,4,6,0,177,0
1555,28,8,1,76,0
1556,8,4,0,402,0
1557,24,10,1,180,0
1558,19,5,1,373,1
1559,11,6,0,97,0
1560,23,7,0,66,1
1561,11,6,0,615,0
1562,15,5,0,526,0
1563,9,8,1,215,0
1564,24,9,1,206,0
1565,14,5,0,601,1
1566,13,4,0,313,0
1567,9,7,0,444,0
1568,21,8,2,95,1
1569,12,7,1,30,0
1570,7,10,0,355,0
1571,7,11,0,434,0
1572,7,9,0,77,1
1573,26,13,0,544,0
1574,27,11,0,370,0
1575,19,8,0,628,1
1576,26,6,2,584,1
1577,17,13,0,195,0
1578,22,7,0,511,1
1579,14,8,2,231,1
1580,20,5,0,407,1
1581,24,7,0,556,0
1582,21,5,0,610,1
1583,13,6,0,333,1
1584,27,6,0,45,1
1585,24,4,1,197,1
1586,3,6,0,71,0
1587,8,11,1,678,0
1588,14,10,1,625,0
1589,1,9,1,491,0
1590,25,10,0,645,0
1591,9,8,0,577,0
1592,22,2,0,403,1
1593,0,8,0,491,0
1594,26,3,0,515,1
1595,23,5,1,649,1
1596,17,8,0,337,0
1597,2,11,0,609,0
1598,25,10,0,304,0
1599,23,4,1,300,1
1600,23,8,0,487,0
1601,20,7,0,593,0
1602,9,9,0,270,0
1603,25,7,0,476,1
1604,15,11,0,632,1
1605,20,7,0,601,0
1606,27,7,0,528,1
1607,4,4,0,430,0
1608,14,7,1,405,0
1609,23,5,0,204,1
1610,1,8,0,454,0
1611,10,9,1,586,0
1612,10,7,0,637,0
1613,15,6,1,625,0
1614,2,9,1,106,0
1615,2,12,0,470,0
1616,3,12,4,303,0
1617,6,6,0,175,0
1618,22,9,0,287,1
1619,4,5,0,318,0
1620,19,6,0,643,0
1621,29,7,0,612,0
1622,20,6,0,680,1
1623,19,6,0,304,0
1624,1,10,0,672,0
1625,15,9,1,166,1
1626,24,8,0,616,0
1627,1,10,2,489,0
1628,22,16,0,700,0
1629,25,15,0,48,1
1630,3,7,2,319,0
1631,27,4,0,234,1
1632,21,11,0,325,1
1633,4,8,1,406,0
1634,7,5,0,45,0
1635,26,6,0,245,1
1636,17,9,2,555,1
1637,25,6,0,397,1
1638,11,12,1,36,0
1639,13,6,1,661,0
1640,0,11,1,144,0
1641,16,5,1,151,0
1642,10,7,2,531,0
1643,6,12,0,505,0
1644,21,4,1,296,1
1645,22,9,0,348,0
1646,26,8,1,632,1
1647,1,8,0,448,0
1648,23,8,0,684,0
1649,9,7,2,660,0
1650,10,4,2,691,0
1651,3,11,1,189,1
1652,22,5,0,350,0
1653,27,8,0,138,0
1654,18,13,1,244,0
1655,29,13,1,235,0
1656,4,6,0,148,0
1657,27,5,0,643,1
1658,12,7,2,319,1
1659,25,9,1,369,0
1660,27,6,1,58,1
1661,4,6,0,142,0
1662,11,10,0,166,0
1663,11,6,0,708,0
1664,10,11,0,442,0
1665,9,9,1,579,1
1666,15,9,0,409,0
1667,15,12,1,481,0
1668,19,6,0,519,1
1669,21,4,0,581,1
1670,15,7,0,325,0
1671,7,10,1,83,0
1672,29,12,0,614,0
1673,27,11,0,455,0
1674,7,7,1,278,0
1675,1,7,0,61,0
1676,18,10,0,391,0
1677,12,16,0,297,0
1678,7,8,1,62,0
1679,10,8,0,711,0
1680,2,6,0,537,0
1681,10,9,1,456,0
1682,4,11,0,621,0
1683,12,6,1,371,0
1684,8,13,0,604,0
1685,9,14,0,386,0
1686,29,7,0,421,1
1687,3,7,0,334,0
1688,28,8,1,119,1
1689,20,8,1,260,1
1690,28,9,1,558,0
1691,14,6,0,27,0
1692,27,8,1,151,1
1693,9,8,0,486,0
1694,18,8,0,73,0
1695,0,8,0,616,0
1696,0,9,2,376,0
1697,7,7,2,666,0
1698,23,5,1,293,1
1699,15,9,0,343,0
1700,6,4,0,168,1
1701,19,8,1,520,0
1702,7,10,1,192,0
1703,3,11,1,396,0
1704,0,4,0,132,0
1705,18,10,1,337,0
1706,16,8,0,205,1
1707,8,9,0,36,0
1708,22,11,0,562,0
1709,15,7,1,639,0
1710,4,8,0,270,0
1711,1,9,0,422,0
1712,27,8,0,273,0
1713,10,12,1,291,1
1714,9,10,0,531,0
1715,18,6,0,446,1
1716,17,12,0,676,0
1717,25,8,0,635,1
1718,2,12,1,48,0
1719,11,10,0,94,0
1720,10,7,1,120,0
1721,14,7,0,81,0
1722,17,8,2,609,0
1723,17,10,0,511,0
1724,0,9,0,222,0
1725,23,7,0,558,0
1726,27,7,1,449,0
1727,18,10,3,82,1
1728,22,6,0,339,1
1729,14,8,1,443,0
1730,19,4,1,715,0
1731,27,6,0,722,1
1732,4,13,2,286,0
1733,23,11,1,65,0
1734,28,12,1,579,0
1735,17,5,0,259,0
1736,24,12,1,666,0
1737,3,8,0,163,0
1738,22,9,0,593,0
1739,24,6,0,602,1
1740,18,5,0,40,0
1741,23,13,1,245,1
1742,12,5,0,683,0
1743,24,9,2,89,0
1744,25,4,1,665,1
1745,12,12,0,514,0
1746,15,2,0,673,1
1747,20,7,1,480,0
1748,26,10,1,98,1
1749,25,4,0,257,1
1750,4,9,1,489,0
1751,6,6,1,64,0
1752,2,12,1,330,0
1753,17,9,0,18,0
1754,27,8,0,95,0
1755,26,6,2,421,1
1756,26,6,0,236,0
1757,18,8,1,109,0
1758,6,6,0,130,0
1759,5,8,1,510,0
1760,24,6,0,644,1
1761,9,6,0,246,0
1762,23,14,0,424,0
1763,13,7,0,28,0
1764,18,9,2,612,0
1765,15,6,1,140,0
1766,15,4,0,680,0
1767,8,7,0,183,1
1768,12,6,1,597,0
1769,3,10,1,167,0
1770,17,5,0,18,0
1771,9,8,1,445,0
1772,15,8,1,274,0
1773,7,6,0,357,0
1774,29,15,1,534,1
1775,16,4,1,274,0
1776,15,4,2,432,1
1777,24,7,0,577,1
1778,1,5,0,42,0
1779,10,10,0,713,0
1780,1,6,0,318,0
1781,26,6,1,138,1
1782,6,13,0,466,0
1783,6,10,0,662,0
1784,20,10,0,101,1
1785,0,5,0,80,0
1786,7,12,0,253,0
1787,4,8,2,716,0
1788,25,4,0,451,1
1789,19,6,0,310,1
1790,26,9,1,47,1
1791,24,6,1,274,1
1792,2,7,1,580,0
1793,12,6,1,410,0
1794,3,5,1,250,0
1795,19,5,0,674,1
1796,25,11,0,418,0
1797,11,5,2,96,1
1798,22,9,0,703,0
1799,23,5,0,667,1
1800,6,7,0,147,0
1801,1,7,1,666,0
1802,22,10,1,574,1
1803,23,9,2,118,1
1804,26,8,1,154,1
1805,15,7,0,685,0
1806,3,11,0,241,0
1807,28,5,0,289,0
1808,17,6,0,556,0
1809,17,9,0,281,0
1810,8,9,1,216,0
1811,9,8,1,623,0
1812,18,5,1,700,0
1813,6,11,0,485,0
1814,4,9,0,329,0
1815,22,7,1,77,0
1816,26,8,1,423,1
1817,27,8,3,83,1
1818,19,6,3,499,1
1819,2,8,0,512,0
1820,13,7,0,488,0
1821,6,6,0,489,0
1822,20,3,0,209,1
1823,5,6,1,235,0
1824,20,9,1,699,1
1825,10,9,0,652,0
1826,6,6,0,467,0
1827,13,6,1,342,0
1828,9,8,3,248,1
1829,8,6,1,265,0
1830,20,13,1,252,1
1831,25,7,1,158,1
1832,16,7,3,597,1
1833,23,1,0,500,0
1834,20,14,0,663,0
1835,24,6,0,672,0
1836,21,6,0,61,1
1837,26,14,2,216,1
1838,18,6,1,323,0
1839,7,7,0,440,0
1840,27,12,0,678,0
1841,23,7,0,330,0
1842,20,6,0,722,1
1843,16,10,1,59,0
1844,14,8,0,381,1
1845,8,4,2,47,0
1846,21,8,0,98,0
1847,8,10,0,97,1
1848,27,5,1,64,1
1849,0,3,0,152,0
1850,2,6,0,599,0
1851,12,14,0,75,0
1852,2,7,1,631,0
1853,10,12,0,580,0
1854,7,8,2,288,0
1855,11,7,0,176,0
1856,23,4,0,341,1
1857,22,11,2,253,1
1858,18,12,0,491,0
1859,2,7,3,572,0
1860,16,5,0,159,0
1861,28,9,0,694,0
1862,14,12,0,336,0
1863,28,5,1,626,1
1864,27,8,0,307,0
1865,17,5,0,166,1
1866,0,9,0,527,0
1867,13,4,1,533,0
1868,19,9,2,647,0
1869,29,6,0,535,0
1870,18,11,2,594,0
1871,3,7,0,331,0
1872,3,5,1,459,0
1873,28,10,0,300,0
1874,15,2,0,19,1
1875,13,18,0,378,0
1876,15,15,2,411,0
1877,21,7,2,26,1
1878,1,7,0,75,0
1879,20,12,0,575,0
1880,25,10,1,708,0
1881,0,14,0,394,0
1882,18,10,0,157,0
1883,4,10,0,439,0
1884,19,6,2,729,0
1885,25,3,0,393,0
1886,11,4,0,368,0
1887,10,5,0,470,0
1888,4,8,3,333,0
1889,9,8,2,445,0
1890,8,10,0,599,0
1891,28,5,1,587,0
1892,23,12,1,188,0
1893,2,8,1,118,1
1894,5,4,1,721,0
1895,12,6,2,179,0
1896,6,7,1,188,0
1897,5,12,1,195,0
1898,26,9,0,474,0
1899,23,5,3,610,1
1900,18,7,0,88,1
1901,24,5,0,555,0
1902,9,6,1,59,0
1903,26,10,3,211,0
1904,13,5,0,560,0
1905,15,5,1,81,0
1906,20,5,0,206,1
1907,27,16,0,30,0
1908,17,6,1,205,0
1909,28,14,2,642,0
1910,9,10,1,421,0
1911,9,12,1,287,0
1912,18,9,0,256,0
1913,25,3,0,49,1
1914,6,6,0,513,0
1915,14,3,1,178,0
1916,29,10,1,623,1
1917,15,16,0,609,0
1918,3,9,2,531,0
1919,9,7,0,108,0
1920,23,8,2,406,1
1921,4,8,1,705,0
1922,21,6,0,542,0
1923,26,10,0,536,1
1924,20,7,0,434,0
1925,27,7,1,729,0
1926,29,3,0,145,1
1927,13,7,0,57,0
1928,23,9,0,265,0
1929,22,5,0,79,0
1930,6,7,0,539,0
1931,25,7,1,202,0
1932,19,20,0,532,0
1933,9,12,0,659,0
1934,22,9,1,219,0
1935,19,11,0,264,0
1936,10,7,0,137,0
1937,17,8,1,246,0
1938,28,9,0,616,0
1939,19,5,0,111,0
1940,11,11,1,199,0
1941,25,7,1,164,0
1942,24,12,0,541,0
1943,5,8,1,282,0
1944,5,3,0,524,0
1945,16,8,1,351,0
1946,8,5,0,440,0
1947,5,13,0,497,0
1948,21,8,0,447,0
1949,19,8,1,351,0
1950,0,11,0,681,0
1951,3,7,0,76,0
1952,22,8,2,475,1
1953,29,9,0,559,0
1954,22,7,0,437,0
1955,15,5,0,309,1
1956,28,3,3,575,1
1957,18,4,0,706,0
1958,10,7,2,189,1
1959,28,7,1,710,0
1960,10,7,0,424,0
1961,3,7,0,540,0
1962,16,8,0,579,0
1963,12,10,0,91,0
1964,16,9,1,377,0
1965,18,3,1,404,1
1966,12,8,1,606,0
1967,23,7,2,87,1
1968,17,7,0,160,0
1969,29,9,1,409,1
1970,20,7,2,621,0
1971,7,8,1,351,0
1972,6,11,2,326,1
1973,24,9,1,246,1
1974,24,11,0,721,0
1975,5,4,2,337,1
1976,2,9,2,523,0
1977,18,7,1,675,0
1978,21,5,1,240,1
1979,26,7,1,446,1
1980,8,9,0,534,0
1981,17,4,0,275,1
1982,21,7,2,27,0
1983,16,11,1,606,1
1984,4,10,1,171,0
1985,21,7,0,284,0
1986,29,8,0,390,0
1987,18,8,0,721,0
1988,16,9,0,704,0
1989,27,9,0,708,0
1990,29,9,0,195,1
1991,18,8,0,482,0
1992,0,13,1,259,0
1993,23,5,1,194,1
1994,5,14,0,100,0
1995,8,7,0,354,0
1996,22,7,2,29,0
1997,11,8,1,94,0
1998,9,6,0,524,0
1999,0,6,1,63,0
2000,5,9,2,212,0
2001,23,4,0,36,1
2002,24,3,1,277,1
2003,12,4,1,31,0
2004,11,5,0,726,1
2005,0,6,0,39,0
2006,9,6,1,159,0
2007,4,8,2,231,0
2008,10,5,2,689,0
2009,5,7,0,316,0
2010,6,9,2,658,0
2011,15,8,1,471,0
2012,20,14,1,405,0
2013,5,4,2,445,1
2014,0,6,0,662,0
2015,28,11,1,61,0
2016,20,9,0,356,0
2017,27,6,1,205,0
2018,14,9,1,555,0
2019,3,13,0,696,0
2020,27,11,0,644,0
2021,16,6,2,609,0
2022,23,6,1,355,1
2023,15,4,1,186,0
2024,4,4,0,281,0
2025,4,14,0,533,0
2026,1,11,2,531,0
2027,0,7,0,520,0
2028,1,10,1,536,0
2029,17,5,0,666,0
2030,21,5,0,218,1
2031,29,7,0,679,1
2032,29,3,1,51,1
2033,0,8,1,608,0
2034,24,7,0,202,1
2035,26,8,1,307,0
2036,6,10,0,87,0
2037,26,6,0,552,1
2038,27,5,0,268,0
2039,7,9,2,154,0
2040,10,8,0,52,1
2041,28,3,1,241,1
2042,26,5,0,95,0
2043,5,11,1,45,0
2044,19,7,1,21,1
2045,4,7,1,485,0
2046,7,7,0,603,0
2047,24,6,0,394,0
2048,6,8,0,330,0
2049,1,10,0,680,0
2050,5,7,0,684,0
2051,4,5,0,633,0
2052,19,5,1,244,1
2053,19,11,0,706,0
2054,29,9,0,419,0
2055,18,7,0,249,0
2056,18,7,1,129,0
2057,10,11,0,502,0
2058,18,4,0,261,0
2059,24,5,1,50,1
2060,20,9,1,483,0
2061,1,7,2,384,0
2062,6,5,1,68,0
2063,6,6,0,239,0
2064,16,12,0,417,0
2065,18,10,0,602,0
2066,6,10,3,328,1
2067,22,8,0,551,0
2068,8,9,1,684,0
2069,24,8,2,516,0
2070,7,5,0,570,0
2071,9,4,0,355,0
2072,28,7,0,140,0
2073,5,10,0,148,1
2074,25,7,1,27,0
2075,20,11,0,344,1
2076,2,4,1,188,0
2077,10,10,0,500,0
2078,19,6,1,315,0
2079,19,6,0,184,1
2080,28,6,0,342,1
2081,21,9,1,539,0
2082,6,7,1,211,0
2083,15,6,1,552,0
2084,22,7,1,565,0
2085,15,12,1,504,0
2086,1,10,0,542,0
2087,9,6,1,301,0
2088,21,5,0,261,0
2089,14,5,0,488,0
2090,24,8,0,455,0
2091,23,8,0,283,0
2092,1,6,1,229,0
2093,16,6,0,246,0
2094,0,4,1,341,0
2095,21,5,1,160,1
2096,20,6,1,48,1
2097,23,9,1,279,1
2098,8,8,0,381,0
2099,8,6,1,128,0
2100,14,4,1,90,0
2101,16,9,1,560,0
2102,18,11,1,587,0
2103,27,6,0,55,0
2104,13,6,0,241,0
2105,0,13,0,539,0
2106,5,12,0,308,0
2107,0,13,1,697,0
2108,29,9,0,571,1
2109,18,9,1,78,0
2110,0,10,1,619,0
2111,4,8,2,608,0
2112,8,8,1,193,0
2113,22,6,1,256,0
2114,0,6,0,95,0
2115,29,8,0,517,1
2116,19,9,0,338,0
2117,18,6,0,200,0
2118,16,5,2,27,0
2119,15,9,1,547,0
2120,19,9,1,682,0
2121,26,8,0,659,1
2122,28,7,0,504,1
2123,26,6,0,114,0
2124,9,11,2,626,0
2125,15,6,1,474,1
2126,21,8,0,667,0
2127,3,7,0,273,0
2128,18,7,2,429,0
2129,24,11,1,169,0
2130,17,12,0,276,1
2131,13,5,0,246,0
2132,23,9,0,680,0
2133,11,9,0,565,0
2134,23,11,0,418,0
2135,1,5,1,192,0
2136,21,9,0,69,0
2137,11,6,0,310,0
2138,3,5,0,365,0
2139,12,6,1,225,0
2140,29,4,2,692,1
2141,2,9,1,414,0
2142,20,6,0,32,0
2143,6,7,0,26,1
2144,26,11,0,493,1
2145,12,14,0,95,1
2146,9,7,0,286,0
2147,14,4,1,680,0
2148,27,5,1,728,1
2149,23,5,3,567,1
2150,6,10,0,40,0
2151,25,8,0,538,1
2152,14,4,0,154,0
2153,4,5,1,66,0
2154,3,10,0,715,0
2155,0,11,1,168,0
2156,10,9,0,141,0
2157,3,9,0,188,0
2158,22,8,0,492,0
2159,2,11,0,311,0
2160,27,9,2,569,1
2161,18,12,0,575,0
2162,5,12,0,29,0
2163,17,4,1,208,0
2164,5,12,0,212,0
2165,6,7,0,474,0
2166,29,11,0,120,1
2167,28,12,2,83,0
2168,3,4,1,111,0
2169,13,9,0,483,0
2170,28,12,1,380,1
2171,27,5,0,171,1
2172,3,10,1,103,0
2173,9,8,1,729,0
2174,20,18,1,379,0
2175,15,7,0,160,0
2176,3,5,0,98,0
2177,8,11,0,348,0
2178,28,4,0,277,1
2179,2,4,1,376,0
2180,12,7,1,66,0
2181,28,12,0,341,0
2182,8,6,0,488,0
2183,16,12,1,580,0
2184,16,9,1,472,0
2185,26,9,2,497,1
2186,20,9,1,137,1
2187,1,5,0,251,0
2188,2,10,0,638,0
2189,27,10,0,443,1
2190,10,12,0,721,0
2191,4,5,1,258,0
2192,26,9,0,465,1
2193,20,7,0,384,0
2194,5,6,0,417,0
2195,25,12,1,237,0
2196,22,7,0,229,0
2197,2,4,0,135,0
2198,2,3,3,251,0
2199,10,7,1,600,0
2200,0,6,1,657,0
2201,17,17,0,416,0
2202,15,5,2,394,1
2203,10,11,1,164,0
2204,28,10,2,185,1
2205,20,10,1,561,0
2206,18,8,0,558,0
2207,9,8,0,209,0
2208,18,9,0,448,0
2209,9,6,2,572,0
2210,27,5,1,521,1
2211,0,9,0,634,0
2212,14,12,1,688,0
2213,11,8,0,592,0
2214,11,9,0,144,0
2215,24,7,2,187,1
2216,7,6,0,325,0
2217,23,10,1,681,1
2218,12,7,1,548,0
2219,15,9,0,430,0
2220,28,8,1,591,1
2221,13,6,3,669,1
2222,7,9,0,314,0
2223,25,7,1,175,1
2224,8,9,2,348,1
2225,21,10,0,145,0
2226,9,5,0,634,0
2227,16,6,1,502,0
2228,13,10,1,601,0
2229,26,7,0,97,1
2230,26,7,1,500,0
2231,12,7,0,461,0
2232,19,10,0,724,0
2233,6,9,0,192,0
2234,27,5,3,319,1
2235,7,9,1,169,0
2236,14,7,0,707,0
2237,0,6,2,150,0
2238,28,8,2,680,1
2239,24,7,1,624,0
2240,18,8,2,712,0
2241,19,4,0,503,0
2242,6,8,0,621,0
2243,12,10,1,325,1
2244,3,7,2,710,0
2245,2,8,0,41,0
2246,14,5,0,358,0
2247,10,7,1,695,0
2248,26,8,1,295,1
2249,23,12,2,667,1
2250,20,13,0,424,0
2251,11,7,2,228,0
2252,9,9,1,621,1
2253,15,14,1,266,0
2254,8,12,1,117,0
2255,26,12,3,305,1
2256,4,8,1,450,0
2257,20,3,1,270,1
2258,19,5,1,20,1
2259,11,10,0,537,0
2260,6,9,0,344,0
2261,21,8,0,677,0
2262,28,13,0,595,0
2263,29,7,0,506,0
2264,3,8,1,85,0
2265,1,12,2,490,0
2266,21,9,1,155,1
2267,13,11,0,287,0
2268,10,8,2,135,0
2269,1,11,1,607,0
2270,7,10,0,154,0
2271,14,3,1,157,0
2272,13,5,1,648,0
2273,26,7,1,454,0
2274,15,7,1,92,0
2275,12,10,2,602,0
2276,21,9,2,727,0
2277,2,6,1,215,0
2278,8,5,1,576,0
2279,17,9,1,424,0
2280,4,7,2,581,0
2281,25,6,1,422,1
2282,25,7,1,421,0
2283,15,6,2,417,1
2284,26,8,0,346,0
2285,0,2,1,405,0
2286,2,11,2,329,0
2287,25,7,0,348,1
2288,19,10,1,243,0
2289,12,6,0,334,0
2290,18,9,0,516,0
2291,3,5,0,379,0
2292,6,15,0,377,0
2293,3,9,0,613,0
2294,29,6,1,480,1
2295,16,14,2,398,0
2296,0,6,2,297,0
2297,8,7,0,727,0
2298,16,9,1,497,0
2299,22,7,1,278,1
2300,25,11,0,34,1
2301,22,10,2,63,0
2302,9,9,2,281,0
2303,2,10,1,387,0
2304,10,8,2,36,0
2305,14,10,1,120,0
2306,9,6,2,118,0
2307,5,6,0,216,0
2308,5,11,0,543,0
2309,4,6,0,233,0
2310,25,11,1,93,0
2311,16,9,0,349,0
2312,26,6,0,32,1
2313,27,6,0,75,1
2314,26,10,0,221,0
2315,7,13,0,590,0
2316,0,7,2,303,0
2317,15,11,1,691,0
2318,19,6,0,232,0
2319,14,8,2,370,1
2320,23,12,0,213,0
2321,4,9,1,466,0
2322,17,9,1,696,0
2323,28,9,1,190,0
2324,8,12,1,360,0
2325,27,5,2,703,1
2326,1,9,0,296,0
2327,4,9,0,546,0
2328,29,10,0,342,1
2329,18,6,2,468,1
2330,1,10,1,469,0
2331,25,7,0,245,0
2332,27,9,0,208,1
2333,19,6,0,165,1
2334,25,8,1,430,0
2335,0,8,2,521,0
2336,25,5,0,201,1
2337,12,8,0,109,0
2338,12,5,0,491,0
2339,21,8,2,145,0
2340,19,7,1,99,1
2341,7,4,0,167,1
2342,13,4,2,71,0
2343,3,5,0,48,0
2344,15,10,1,172,0
2345,17,10,0,365,0
2346,23,14,0,276,0
2347,1,6,0,195,0
2348,7,13,2,597,1
2349,24,10,2,91,0
2350,19,7,1,212,1
2351,10,7,0,426,0
2352,15,2,0,286,0
2353,6,11,3,280,1
2354,2,10,1,406,0
2355,21,9,1,374,1
2356,11,5,1,600,1
2357,0,6,2,690,0
2358,7,4,0,47,0
2359,6,7,0,185,0
2360,16,11,1,243,0
2361,10,8,0,556,0
2362,4,6,0,714,0
2363,27,7,1,709,1
2364,11,8,1,356,0
2365,10,11,3,174,0
2366,22,8,0,696,0
2367,27,6,0,389,0
2368,26,5,0,437,1
2369,16,12,1,365,0
2370,25,11,1,408,1
2371,20,9,1,63,1
2372,1,11,0,199,0
2373,26,5,1,240,1
2374,23,4,0,330,1
2375,17,6,0,272,1
2376,2,10,1,66,0
2377,7,11,1,411,0
2378,7,12,1,467,0
2379,9,5,1,437,0
2380,25,6,0,675,0
2381,1,6,2,270,0
2382,27,7,0,323,1
2383,15,10,2,379,0
2384,28,6,0,153,0
2385,3,11,1,575,0
2386,3,6,1,124,0
2387,19,5,1,295,0
2388,28,16,0,534,0
2389,2,3,2,628,0
2390,12,14,1,82,0
2391,21,12,0,173,0
2392,7,9,1,682,0
2393,1,4,0,175,0
2394,3,9,3,380,1
2395,4,9,0,650,0
2396,16,2,0,669,0
2397,16,9,1,17,1
2398,14,3,0,686,0
2399,17,9,0,42,1
2400,18,6,0,586,0
2401,16,11,0,500,0
2402,7,6,0,257,0
2403,20,8,0,514,0
2404,22,5,0,390,1
2405,10,8,0,466,0
2406,20,9,0,262,0
2407,4,4,0,372,0
2408,19,7,1,543,0
2409,16,5,0,442,0
2410,1,6,0,118,0
2411,19,7,1,378,0
2412,0,5,3,186,0
2413,11,7,2,157,1
2414,25,8,1,697,0
2415,18,8,1,489,0
2416,14,8,0,441,0
2417,17,9,0,190,0
2418,14,5,0,315,0
2419,26,10,1,307,1
2420,29,9,0,334,0
2421,5,11,3,667,0
2422,24,12,1,704,0
2423,19,4,1,677,0
2424,21,12,0,151,0
2425,24,8,0,335,0
2426,9,10,1,602,0
2427,25,2,1,578,1
2428,9,10,0,56,1
2429,12,6,0,102,1
2430,26,8,1,570,1
2431,14,12,1,276,0
2432,19,8,1,20,0
2433,12,6,0,86,0
2434,10,8,2,405,0
2435,13,4,0,250,1
2436,5,5,1,612,0
2437,7,8,2,200,0
2438,4,6,1,569,0
2439,23,7,3,349,0
2440,7,8,0,211,0
2441,1,5,1,395,0
2442,1,5,0,200,0
2443,21,8,0,514,0
2444,1,8,0,46,0
2445,12,8,1,696,0
2446,3,11,0,537,0
2447,27,15,2,621,0
2448,13,11,0,575,0
2449,19,6,0,487,0
2450,29,7,0,282,0
2451,1,12,0,420,0
2452,16,7,0,108,0
2453,24,5,1,346,1
2454,21,5,1,722,1
2455,3,3,0,74,0
2456,21,3,0,91,1
2457,11,8,0,187,0
2458,9,11,1,628,0
2459,5,9,1,135,0
2460,3,6,1,715,0
2461,7,7,0,383,0
2462,9,5,0,564,0
2463,6,5,0,28,0
2464,5,7,0,482,0
2465,9,12,1,571,0
2466,28,8,0,319,0
2467,15,6,0,237,0
2468,20,10,0,64,1
2469,13,12,1,141,0
2470,16,8,1,261,0
2471,29,8,0,316,0
2472,12,6,1,690,0
2473,4,6,1,54,0
2474,3,6,0,93,0
2475,4,5,1,476,0
2476,23,7,0,227,0
2477,7,2,2,39,0
2478,16,4,1,38,0
2479,5,2,0,197,0
2480,25,10,0,264,0
2481,4,7,1,715,0
2482,4,9,0,543,0
2483,24,5,0,569,1
2484,5,5,1,160,0
2485,10,7,0,310,1
2486,7,8,2,582,0
2487,24,10,0,55,0
2488,6,6,0,625,0
2489,14,3,0,239,0
2490,12,13,0,576,0
2491,11,11,1,561,0
2492,7,7,0,253,0
2493,2,7,1,238,0
2494,2,7,1,658,0
2495,14,6,1,243,0
2496,28,8,1,169,1
2497,28,14,0,482,1
2498,25,7,0,276,0
2499,16,11,0,155,0
2500,11,9,0,124,0
2501,22,4,0,240,1
2502,28,8,0,374,0
2503,25,8,2,226,1
2504,29,11,1,339,0
2505,5,7,0,497,0
2506,1,6,0,589,0
2507,29,10,0,59,1
2508,1,8,3,37,0
2509,22,9,0,439,0
2510,9,7,2,302,0
2511,7,11,0,254,0
2512,19,5,1,715,0
2513,12,12,0,124,0
2514,9,7,2,56,0
2515,1,11,0,646,0
2516,7,8,0,523,0
2517,8,5,1,111,0
2518,26,5,1,63,1
2519,7,6,0,184,0
2520,1,8,0,127,0
2521,7,7,0,638,0
2522,24,12,0,596,0
2523,15,10,1,143,0
2524,14,8,0,500,0
2525,11,6,0,258,0
2526,29,5,0,382,1
2527,25,6,1,385,1
2528,3,6,0,694,0
2529,9,9,0,80,0
2530,27,6,0,686,1
2531,15,2,0,334,0
2532,0,10,0,16,0
2533,7,4,2,108,0
2534,6,10,0,456,0
2535,10,8,2,570,0
2536,11,8,4,683,0
2537,8,11,1,38,0
2538,2,10,1,583,0
2539,4,10,0,50,0
2540,6,3,0,136,0
2541,13,10,0,661,0
2542,24,5,1,104,0
2543,18,2,0,359,1
2544,4,8,1,280,0
2545,19,5,0,575,1
2546,22,8,0,124,0
2547,15,6,1,270,0
2548,6,14,0,300,0
2549,5,10,1,153,0
2550,16,9,0,114,0
2551,4,5,1,79,0
2552,20,7,2,37,1
2553,12,9,0,156,0
2554,18,10,0,263,0
2555,7,8,0,556,0
2556,15,15,0,334,0
2557,19,8,0,246,0
2558,28,8,1,672,0
2559,21,14,0,318,0
2560,2,3,1,483,0
2561,3,6,0,480,0
2562,27,13,0,70,0
2563,24,11,0,191,0
2564,15,11,0,599,0
2565,29,8,2,690,1
2566,0,9,1,483,1
2567,3,13,1,334,0
2568,15,5,2,96,1
2569,5,8,1,79,0
2570,15,8,0,285,0
2571,12,13,0,31,0
2572,24,9,0,175,1
2573,14,11,0,166,0
2574,21,6,3,146,0
2575,9,6,0,185,0
2576,20,7,0,166,0
2577,1,3,1,62,0
2578,2,13,0,610,0
2579,20,7,0,211,0
2580,21,9,1,398,0
2581,5,8,1,32,0
2582,19,4,0,562,1
2583,24,7,0,63,0
2584,3,6,1,641,0
2585,24,7,0,260,1
2586,7,8,0,346,0
2587,19,7,0,78,1
2588,13,10,0,714,1
2589,0,2,0,625,0
2590,3,11,0,286,0
2591,0,8,1,437,0
2592,0,3,1,142,0
2593,13,5,2,191,1
2594,1,9,1,497,1
2595,4,8,0,409,0
2596,19,5,0,455,1
2597,11,6,2,347,0
2598,12,6,0,152,0
2599,14,12,0,426,0
2600,22,6,0,583,0
2601,20,5,0,361,0
2602,12,7,0,286,1
2603,5,6,0,708,0
2604,3,3,1,712,0
2605,16,6,0,351,0
2606,4,8,0,410,0
2607,4,8,0,90,0
2608,23,7,0,564,1
2609,12,7,2,698,1
2610,9,7,0,262,0
2611,13,5,1,50,1
2612,18,5,0,724,0
2613,7,7,0,154,0
2614,1,11,1,593,0
2615,13,6,0,399,0
2616,25,5,0,521,1
2617,9,5,0,67,0
2618,15,8,1,716,0
2619,11,7,1,314,0
2620,17,7,0,313,1
2621,11,10,2,378,0
2622,28,8,2,172,1
2623,21,6,1,568,0
2624,20,6,0,594,0
2625,8,8,1,109,0
2626,3,5,0,509,0
2627,0,11,1,462,0
2628,9,10,0,576,0
2629,24,9,0,482,0
2630,17,10,1,31,0
2631,29,5,0,539,1
2632,13,8,1,335,0
2633,11,11,0,402,0
2634,16,9,2,180,0
2635,20,12,0,204,0
2636,13,5,0,245,0
2637,3,10,1,521,0
2638,11,5,1,322,0
2639,10,7,0,665,0
2640,29,4,0,326,1
2641,15,7,1,625,0
2642,14,7,1,571,0
2643,23,4,1,630,1
2644,11,10,2,728,0
2645,18,8,0,644,0
2646,11,5,1,441,0
2647,2,9,1,656,0
2648,26,5,1,220,1
2649,19,11,0,324,0
2650,10,8,0,367,0
2651,26,8,0,530,1
2652,6,10,1,140,0
2653,26,3,1,176,1
2654,0,4,2,342,0
2655,5,9,0,355,0
2656,9,7,1,219,1
2657,6,6,1,572,0
2658,8,6,0,275,1
2659,14,9,1,399,0
2660,13,13,0,27,0
2661,19,4,0,278,1
2662,3,11,0,268,0
2663,8,8,2,126,0
2664,3,9,1,549,0
2665,14,10,1,114,0
2666,10,7,0,25,0
2667,3,8,1,653,0
2668,19,8,0,327,0
2669,0,5,1,416,0
2670,15,9,0,611,0
2671,24,5,1,591,1
2672,8,4,1,261,0
2673,28,14,0,558,0
2674,21,6,0,381,0
2675,28,7,1,587,1
2676,18,5,1,701,0
2677,4,8,1,603,0
2678,26,5,1,608,1
2679,19,6,2,229,0
2680,14,8,0,704,1
2681,17,6,1,646,0
2682,24,4,0,95,0
2683,28,8,1,504,0
2684,5,7,1,440,0
2685,0,9,0,393,0
2686,0,7,2,337,1
2687,27,8,1,431,1
2688,4,8,1,432,0
2689,13,4,1,632,0
2690,15,8,0,364,0
2691,28,5,0,470,1
2692,15,9,0,174,0
2693,8,7,0,578,0
2694,18,8,0,250,0
2695,6,7,1,162,0
2696,22,8,0,151,0
2697,13,7,0,484,0
2698,23,10,1,689,0
2699,1,8,0,140,0
2700,22,8,0,662,0
2701,7,12,2,553,0
2702,4,9,1,347,0
2703,15,7,0,105,0
2704,16,8,2,256,1
2705,23,7,0,443,1
2706,0,8,2,443,0
2707,0,5,1,566,0
2708,7,5,1,674,0
2709,25,6,0,349,1
2710,6,8,0,394,0
2711,1,7,1,404,0
2712,10,9,1,18,0
2713,2,7,0,185,0
2714,8,6,2,354,0
2715,15,7,0,364,0
2716,25,8,0,261,0
2717,10,7,1,696,0
2718,17,8,0,264,0
2719,27,6,1,413,0
2720,4,9,1,245,0
2721,19,8,2,558,0
2722,14,7,0,426,1
2723,17,8,1,568,0
2724,18,9,0,313,1
2725,10,6,2,546,1
2726,5,10,0,456,0
2727,3,6,0,384,0
2728,18,8,1,69,0
2729,24,6,1,76,1
2730,7,9,0,537,0
2731,29,6,0,656,1
2732,19,10,1,206,0
2733,27,5,0,622,0
2734,8,9,1,105,1
2735,26,5,1,661,1
2736,13,6,1,64,0
2737,2,5,0,219,0
2738,25,7,0,319,1
2739,15,11,0,139,0
2740,14,6,0,434,1
2741,0,6,1,227,0
2742,2,3,0,69,0
2743,22,11,0,84,0
2744,4,4,0,614,0
2745,15,9,0,16,0
2746,22,8,0,25,0
2747,25,8,1,484,0
2748,3,7,2,676,0
2749,8,10,1,367,0
2750,18,8,2,622,0
2751,10,12,0,700,0
2752,5,12,1,222,0
2753,27,11,0,573,0
2754,13,10,0,524,0
2755,13,9,0,133,0
2756,14,8,1,15,0
2757,7,11,0,712,0
2758,25,8,1,466,1
2759,9,4,0,715,0
2760,4,6,1,708,0
2761,2,6,1,331,0
2762,2,7,0,452,0
2763,18,9,2,128,1
2764,8,7,0,213,0
2765,7,9,2,434,0
2766,15,10,1,57,0
2767,5,7,1,629,0
2768,28,11,0,434,0
2769,16,6,0,254,0
2770,18,6,1,101,0
2771,6,3,0,222,1
2772,23,7,0,139,0
2773,29,6,0,142,0
2774,6,9,0,532,0
2775,3,8,0,257,0
2776,11,9,1,289,0
2777,25,10,0,436,0
2778,3,2,0,340,0
2779,11,9,1,272,0
2780,2,10,1,521,0
2781,5,9,0,377,0
2782,10,3,1,335,1
2783,21,9,1,611,0
2784,3,13,0,26,0
2785,2,6,1,325,0
2786,7,5,1,174,1
2787,27,3,1,253,1
2788,24,6,1,123,1
2789,20,10,0,234,0
2790,19,8,0,30,0
2791,26,6,2,410,1
2792,27,8,0,145,0
2793,5,12,0,60,0
2794,1,9,1,41,0
2795,5,7,0,26,0
2796,3,9,2,78,0
2797,4,3,0,20,0
2798,26,6,0,670,0
2799,14,13,1,238,1
2800,7,9,0,359,0
2801,19,8,1,175,1
2802,21,8,0,341,0
2803,15,7,0,194,0
2804,4,7,0,198,0
2805,9,8,0,198,0
2806,4,9,0,489,0
2807,10,11,0,573,0
2808,7,8,0,46,0
2809,3,5,0,217,0
2810,26,6,0,304,0
2811,25,10,0,55,1
2812,18,10,1,28,1
2813,3,7,0,27,0
2814,28,11,0,163,0
2815,2,10,0,377,0
2816,9,8,0,209,0
2817,15,3,0,534,0
2818,9,7,0,339,0
2819,14,10,0,595,0
2820,13,11,1,519,0
2821,20,8,1,349,1
2822,15,4,0,513,0
2823,27,10,0,548,1
2824,26,9,0,384,1
2825,18,8,1,333,0
2826,11,5,0,711,0
2827,13,7,0,127,0
2828,19,11,0,451,0
2829,9,5,1,287,0
2830,27,11,0,631,0
2831,2,9,0,102,0
2832,4,9,0,318,0
2833,0,6,1,518,0
2834,1,7,2,554,0
2835,1,13,3,393,0
2836,26,9,0,643,0
2837,13,13,1,47,0
2838,13,10,1,253,0
2839,24,7,1,268,1
2840,10,5,0,407,0
2841,2,10,2,178,0
2842,6,11,0,102,0
2843,16,9,1,530,0
2844,13,6,0,258,0
2845,23,5,0,348,1
2846,8,5,0,599,0
2847,10,6,1,572,0
2848,29,4,2,719,1
2849,20,5,0,350,1
2850,15,13,0,220,0
2851,28,8,1,467,1
2852,21,11,0,704,0
2853,26,14,1,287,0
2854,5,11,1,49,0
2855,10,9,2,395,0
2856,12,5,2,601,0
2857,27,6,2,290,1
2858,18,7,0,231,0
2859,11,12,0,144,0
2860,13,6,0,103,0
2861,2,7,0,669,0
2862,11,6,0,59,0
2863,20,8,0,490,0
2864,16,9,1,459,0
2865,6,5,1,655,0
2866,1,5,0,20,0
2867,19,5,0,721,1
2868,8,8,0,176,0
2869,4,9,1,683,0
2870,16,8,2,368,0
2871,4,8,2,137,0
2872,20,12,1,459,1
2873,19,13,2,440,1
2874,23,7,0,315,1
2875,28,6,1,391,1
2876,20,8,0,306,1
2877,0,8,1,297,0
2878,15,5,0,85,1
2879,7,9,2,123,0
2880,15,3,1,352,1
2881,23,8,1,246,1
2882,4,4,0,136,0
2883,21,16,2,617,0
2884,21,8,1,620,1
2885,17,12,0,79,0
2886,17,6,0,515,1
2887,16,5,1,161,0
2888,14,6,1,421,0
2889,21,10,0,275,0
2890,5,13,0,97,0
2891,4,3,1,580,0
2892,25,9,0,107,1
2893,5,12,2,98,0
2894,17,4,2,549,1
2895,24,8,0,646,0
2896,8,5,0,377,0
2897,3,4,1,63,0
2898,15,7,2,348,0
2899,19,10,0,401,0
2900,18,9,1,645,1
2901,17,8,0,530,1
2902,5,5,1,42,0
2903,29,11,1,590,0
2904,6,8,1,491,1
2905,0,3,1,467,0
2906,12,10,2,578,0
2907,17,4,3,269,1
2908,20,5,0,83,1
2909,16,5,2,171,1
2910,27,4,0,729,0
2911,9,10,0,92,0
2912,9,2,2,456,0
2913,8,5,1,385,0
2914,1,9,0,669,0
2915,3,6,0,649,1
2916,24,4,0,160,0
2917,14,8,0,464,0
2918,21,8,1,193,1
2919,14,7,0,335,0
2920,19,7,1,191,0
2921,5,7,0,299,0
2922,7,9,0,180,0
2923,12,7,0,33,1
2924,13,10,0,421,0
2925,27,9,0,89,0
2926,29,9,0,410,1
2927,25,8,0,624,0
2928,24,6,0,40,1
2929,3,9,1,187,0
2930,24,8,0,452,0
2931,0,7,0,571,0
2932,7,8,0,632,0
2933,1,13,1,24,0
2934,13,9,1,17,1
2935,6,11,0,244,0
2936,18,9,1,311,1
2937,23,9,2,247,0
2938,9,6,0,326,0
2939,7,14,0,460,0
2940,1,6,0,139,0
2941,0,8,0,511,0
2942,24,5,1,285,1
2943,28,7,1,182,1
2944,28,11,0,69,1
2945,13,7,1,458,1
2946,17,5,0,519,0
2947,2,8,2,219,0
2948,0,9,0,56,0
2949,17,11,0,163,0
2950,11,12,0,611,0
2951,4,12,2,291,0
2952,10,7,0,713,0
2953,4,2,0,503,0
2954,1,5,1,511,0
2955,11,3,1,387,0
2956,4,7,1,24,0
2957,8,8,0,65,0
2958,20,5,2,143,1
2959,19,8,0,524,1
2960,25,12,1,626,0
2961,10,11,2,435,0
2962,15,7,1,16,0
2963,0,3,0,543,0
2964,6,9,0,476,0
2965,13,8,2,161,0
2966,0,3,0,368,0
2967,6,6,0,401,0
2968,19,8,0,467,0
2969,8,2,1,115,0
2970,14,6,0,297,0
2971,0,7,1,317,0
2972,28,9,0,259,0
2973,4,13,1,196,0
2974,5,10,1,163,0
2975,9,6,0,295,0
2976,18,8,2,412,0
2977,12,7,1,150,0
2978,5,12,0,580,0
2979,9,6,0,319,0
2980,9,9,1,495,0
2981,15,9,0,385,1
2982,27,5,0,615,1
2983,0,9,0,264,0
2984,1,8,0,343,0
2985,19,5,1,192,1
2986,24,4,1,423,1
2987,12,5,1,207,1
2988,24,9,1,168,1
2989,9,7,0,570,0
2990,17,6,2,495,0
2991,10,4,2,105,0
2992,29,6,0,259,0
2993,29,7,0,139,0
2994,13,8,1,689,1
2995,26,10,3,213,1
2996,11,7,0,305,0
2997,3,12,0,473,0
2998,23,7,0,453,0
2999,29,6,1,718,1
